secs,cad,hr,km,kph,nm,watts,alt,lon,lat,headwind,slope,temp,interval,lrbalance,lte,rte,lps,rps,smo2,thb,o2hb,hhb
0,0,111,0,0,0,0,0,0.00000000,0.00000000,0,0,-255,0,-255,0,0,0,0,75.4,12.86,9.69644,3.16356
1,0,112,1.32606e-05,0.553352,0,37,0,0.00000000,0.00000000,0,0,-255,0,-255,0,0,0,0,75.4,12.86,9.69644,3.16356
2,36,114,0.000641129,3.55772,0,73,0,0.00000000,0.00000000,0,0,-255,0,-255,0,0,0,0,75.2,12.88,9.68576,3.19424
3,66,116,0.00195747,5.68481,0,86,0,0.00000000,0.00000000,0,0,-255,0,-255,0,0,0,0,75.2,12.88,9.68576,3.19424
4,75,117,0.00384285,7.87156,0,198,0,0.00000000,0.00000000,0,0,-255,0,-255,0,0,0,0,75,12.9,9.675,3.225
5,83,118,0.00656084,11.438,0,275,0,0.00000000,0.00000000,0,0,-255,0,-255,0,0,0,0,75,12.9,9.675,3.225
6,82,119,0.0102338,14.4789,0,287,0,0.00000000,0.00000000,0,0,-255,0,-255,0,0,0,0,74,12.89,9.5386,3.3514
7,84,120,0.014671,16.8993,0,280,0,0.00000000,0.00000000,0,0,-255,0,-255,0,0,0,0,74,12.89,9.5386,3.3514
8,85,121,0.0197243,18.8887,0,279,0,0.00000000,0.00000000,0,0,-255,0,-255,0,0,0,0,72.3,12.87,9.30501,3.56499
9,84,123,0.0253113,20.5991,0,280,0,0.00000000,0.00000000,0,0,-255,0,-255,0,0,0,0,72.3,12.87,9.30501,3.56499
10,84,124,0.0313203,22.059,0,280,0,0.00000000,0.00000000,0,0,-255,0,-255,0,0,0,0,72.3,12.87,9.30501,3.56499
11,84,124,0.0377327,23.3644,0,284,0,0.00000000,0.00000000,0,0,-255,0,-255,0,0,0,0,69.4,12.87,8.93178,3.93822
12,86,125,0.0431136,24.287,0,278,0,0.00000000,0.00000000,0,0,-255,0,-255,0,0,0,0,65.2,12.84,8.37168,4.46832
13,86,126,0.050129,25.2964,0,281,0,0.00000000,0.00000000,0,0,-255,0,-255,0,0,0,0,65.2,12.84,8.37168,4.46832
14,86,126,0.0573937,26.2137,0,283,0,0.00000000,0.00000000,0,0,-255,0,-255,0,0,0,0,59.1,12.81,7.57071,5.23929
15,88,128,0.0649011,27.0096,0,277,0,0.00000000,0.00000000,0,0,-255,0,-255,0,0,0,0,59.1,12.81,7.57071,5.23929
16,86,129,0.0726213,27.7026,0,280,0,0.00000000,0.00000000,0,0,-255,0,-255,0,0,0,0,59.1,12.81,7.57071,5.23929
17,87,131,0.0805277,28.339,0,280,0,0.00000000,0.00000000,0,0,-255,0,-255,0,0,0,0,52.3,12.81,6.69963,6.11037
18,87,131,0.0886141,28.8905,0,278,0,0.00000000,0.00000000,0,0,-255,0,-255,0,0,0,0,45.4,12.81,5.81574,6.99426
19,87,131,0.096835,29.3901,0,281,0,0.00000000,0.00000000,0,0,-255,0,-255,0,0,0,0,45.4,12.81,5.81574,6.99426
20,87,131,0.105168,29.8337,0,280,0,0.00000000,0.00000000,0,0,-255,0,-255,0,0,0,0,39.2,12.81,5.02152,7.78848
21,86,132,0.113633,30.2268,0,279,0,0.00000000,0.00000000,0,0,-255,0,-255,0,0,0,0,39.2,12.81,5.02152,7.78848
22,87,133,0.122211,30.5777,0,280,0,0.00000000,0.00000000,0,0,-255,0,-255,0,0,0,0,39.2,12.81,5.02152,7.78848
23,88,134,0.130905,30.8959,0,280,0,0.00000000,0.00000000,0,0,-255,0,-255,0,0,0,0,34.2,12.82,4.38444,8.43556
24,88,134,0.139642,31.1712,0,278,0,0.00000000,0.00000000,0,0,-255,0,-255,0,0,0,0,34.2,12.82,4.38444,8.43556
25,87,136,0.146728,31.3687,0,279,0,0.00000000,0.00000000,0,0,-255,0,-255,0,0,0,0,30.8,12.83,3.95164,8.87836
26,87,137,0.155575,31.5928,0,279,0,0.00000000,0.00000000,0,0,-255,0,-255,0,0,0,0,27.8,12.84,3.56952,9.27048
27,87,137,0.16455,31.8009,0,280,0,0.00000000,0.00000000,0,0,-255,0,-255,0,0,0,0,27.8,12.84,3.56952,9.27048
28,87,138,0.173527,31.9759,0,278,0,0.00000000,0.00000000,0,0,-255,0,-255,0,0,0,0,27.8,12.84,3.56952,9.27048
29,87,139,0.182608,32.1408,0,281,0,0.00000000,0.00000000,0,0,-255,0,-255,0,0,0,0,26.3,12.84,3.37692,9.46308
30,87,141,0.191652,32.2888,0,281,0,0.00000000,0.00000000,0,0,-255,0,-255,0,0,0,0,25.3,12.83,3.24599,9.58401
31,87,142,0.200778,32.425,0,282,0,0.00000000,0.00000000,0,0,-255,0,-255,0,0,0,0,25.3,12.83,3.24599,9.58401
32,89,141,0.209963,32.5402,0,278,0,0.00000000,0.00000000,0,0,-255,0,-255,0,0,0,0,24.8,12.84,3.18432,9.65568
33,88,143,0.219158,32.6409,0,281,0,0.00000000,0.00000000,0,0,-255,0,-255,0,0,0,0,24.8,12.84,3.18432,9.65568
34,88,144,0.228359,32.7345,0,279,0,0.00000000,0.00000000,0,0,-255,0,-255,0,0,0,0,24.4,12.84,3.13296,9.70704
35,88,144,0.237626,32.8142,0,280,0,0.00000000,0.00000000,0,0,-255,0,-255,0,0,0,0,24.4,12.84,3.13296,9.70704
36,87,145,0.246879,32.8884,0,280,0,0.00000000,0.00000000,0,0,-255,0,-255,0,0,0,0,25.3,12.84,3.24852,9.59148
37,88,146,0.256196,32.9496,0,279,0,0.00000000,0.00000000,0,0,-255,0,-255,0,0,0,0,25.3,12.84,3.24852,9.59148
38,88,146,0.263628,32.9961,0,281,0,0.00000000,0.00000000,0,0,-255,0,-255,0,0,0,0,24.8,12.84,3.18432,9.65568
39,87,147,0.272949,33.0561,0,282,0,0.00000000,0.00000000,0,0,-255,0,-255,0,0,0,0,24.8,12.84,3.18432,9.65568
40,88,147,0.282277,33.1181,0,283,0,0.00000000,0.00000000,0,0,-255,0,-255,0,0,0,0,24.8,12.84,3.18432,9.65568
41,88,148,0.291615,33.167,0,277,0,0.00000000,0.00000000,0,0,-255,0,-255,0,0,0,0,24.6,12.84,3.15864,9.68136
42,90,148,0.30099,33.1869,0,276,0,0.00000000,0.00000000,0,0,-255,0,-255,0,0,0,0,24.3,12.83,3.11769,9.71231
43,89,149,0.310332,33.2164,0,278,0,0.00000000,0.00000000,0,0,-255,0,-255,0,0,0,0,24.3,12.83,3.11769,9.71231
44,89,150,0.319711,33.2299,0,275,0,0.00000000,0.00000000,0,0,-255,0,-255,0,0,0,0,23.9,12.83,3.06637,9.76363
45,87,150,0.32911,33.2462,0,280,0,0.00000000,0.00000000,0,0,-255,0,-255,0,0,0,0,23.9,12.83,3.06637,9.76363
46,86,150,0.338473,33.2816,0,282,0,0.00000000,0.00000000,0,0,-255,0,-255,0,0,0,0,24,12.83,3.0792,9.7508
47,88,151,0.347878,33.3079,0,279,0,0.00000000,0.00000000,0,0,-255,0,-255,0,0,0,0,24,12.83,3.0792,9.7508
48,87,152,0.357265,33.3235,0,279,0,0.00000000,0.00000000,0,0,-255,0,-255,0,0,0,0,24.6,12.83,3.15618,9.67382
49,87,152,0.366668,33.3431,0,281,0,0.00000000,0.00000000,0,0,-255,0,-255,0,0,0,0,24.6,12.83,3.15618,9.67382
50,87,153,0.376083,33.3591,0,278,0,0.00000000,0.00000000,0,0,-255,0,-255,0,0,0,0,24.6,12.83,3.15618,9.67382
51,87,153,0.383605,33.3671,0,278,0,0.00000000,0.00000000,0,0,-255,0,-255,0,0,0,0,24.8,12.84,3.18432,9.65568
52,87,154,0.393054,33.376,0,279,0,0.00000000,0.00000000,0,0,-255,0,-255,0,0,0,0,24.9,12.84,3.19716,9.64284
53,87,154,0.402467,33.3895,0,280,0,0.00000000,0.00000000,0,0,-255,0,-255,0,0,0,0,24.9,12.84,3.19716,9.64284
54,87,154,0.411892,33.3977,0,279,0,0.00000000,0.00000000,0,0,-255,0,-255,0,0,0,0,24.9,12.84,3.19716,9.64284
55,87,154,0.421298,33.4098,0,280,0,0.00000000,0.00000000,0,0,-255,0,-255,0,0,0,0,25.4,12.84,3.26136,9.57864
56,87,155,0.430744,33.4181,0,278,0,0.00000000,0.00000000,0,0,-255,0,-255,0,0,0,0,24.4,12.85,3.1354,9.7146
57,86,155,0.440148,33.4143,0,276,0,0.00000000,0.00000000,0,0,-255,0,-255,0,0,0,0,24.4,12.85,3.1354,9.7146
58,85,155,0.449565,33.4149,0,280,0,0.00000000,0.00000000,0,0,-255,0,-255,0,0,0,0,23.7,12.85,3.04545,9.80455
59,85,155,0.459022,33.4285,0,280,0,0.00000000,0.00000000,0,0,-255,0,-255,0,0,0,0,23.7,12.85,3.04545,9.80455
60,85,154,0.468419,33.4368,0,280,0,0.00000000,0.00000000,0,0,-255,0,-255,0,0,0,0,22.8,12.85,2.9298,9.9202
61,86,155,0.477873,33.4437,0,281,0,0.00000000,0.00000000,0,0,-255,0,-255,0,0,0,0,22.8,12.85,2.9298,9.9202
62,85,154,0.487326,33.4545,0,280,0,0.00000000,0.00000000,0,0,-255,0,-255,0,0,0,0,22.4,12.85,2.8784,9.9716
63,87,154,0.49675,33.4608,0,278,0,0.00000000,0.00000000,0,0,-255,0,-255,0,0,0,0,22.4,12.85,2.8784,9.9716
64,87,156,0.5043,33.4605,0,279,0,0.00000000,0.00000000,0,0,-255,0,-255,0,0,0,0,21.8,12.85,2.8013,10.0487
65,88,155,0.513746,33.4772,0,284,0,0.00000000,0.00000000,0,0,-255,0,-255,0,0,0,0,21.8,12.85,2.8013,10.0487
66,90,155,0.523183,33.4875,0,280,0,0.00000000,0.00000000,0,0,-255,0,-255,0,0,0,0,21.8,12.85,2.8013,10.0487
67,89,156,0.532639,33.4763,0,278,0,0.00000000,0.00000000,0,0,-255,0,-255,0,0,0,0,22,12.85,2.827,10.023
68,88,156,0.542061,33.48,0,281,0,0.00000000,0.00000000,0,0,-255,0,-255,0,0,0,0,21.9,12.85,2.81415,10.0358
69,88,156,0.551543,33.4874,0,281,0,0.00000000,0.00000000,0,0,-255,0,-255,0,0,0,0,21.9,12.85,2.81415,10.0358
70,88,156,0.56097,33.494,0,281,0,0.00000000,0.00000000,0,0,-255,0,-255,0,0,0,0,22.6,12.85,2.9041,9.9459
71,88,158,0.570417,33.4999,0,281,0,0.00000000,0.00000000,0,0,-255,0,-255,0,0,0,0,22.6,12.85,2.9041,9.9459
72,88,158,0.579873,33.5037,0,278,0,0.00000000,0.00000000,0,0,-255,0,-255,0,0,0,0,22.9,12.86,2.94494,9.91506
73,84,158,0.58933,33.4975,0,280,0,0.00000000,0.00000000,0,0,-255,0,-255,0,0,0,0,22.9,12.86,2.94494,9.91506
74,85,158,0.598756,33.4979,0,279,0,0.00000000,0.00000000,0,0,-255,0,-255,0,0,0,0,23.5,12.86,3.0221,9.8379
75,85,158,0.608246,33.4925,0,278,0,0.00000000,0.00000000,0,0,-255,0,-255,0,0,0,0,23.5,12.86,3.0221,9.8379
76,83,159,0.617659,33.4934,0,279,0,0.00000000,0.00000000,0,0,-255,0,-255,0,0,0,0,23.8,12.86,3.06068,9.79932
77,83,159,0.625253,33.4969,0,284,0,0.00000000,0.00000000,0,0,-255,0,-255,0,0,0,0,23.8,12.86,3.06068,9.79932
78,86,159,0.634699,33.5123,0,283,0,0.00000000,0.00000000,0,0,-255,0,-255,0,0,0,0,23.8,12.86,3.06068,9.79932
79,86,159,0.64414,33.5189,0,281,0,0.00000000,0.00000000,0,0,-255,0,-255,0,0,0,0,24.5,12.86,3.1507,9.7093
80,85,159,0.653585,33.5039,0,278,0,0.00000000,0.00000000,0,0,-255,0,-255,0,0,0,0,24.6,12.86,3.16356,9.69644
81,85,160,0.66304,33.4991,0,281,0,0.00000000,0.00000000,0,0,-255,0,-255,0,0,0,0,24.6,12.86,3.16356,9.69644
82,84,159,0.672494,33.4987,0,279,0,0.00000000,0.00000000,0,0,-255,0,-255,0,0,0,0,24.6,12.86,3.16356,9.69644
83,85,160,0.68194,33.4948,0,279,0,0.00000000,0.00000000,0,0,-255,0,-255,0,0,0,0,24.1,12.86,3.09926,9.76074
84,85,161,0.691397,33.4937,0,280,0,0.00000000,0.00000000,0,0,-255,0,-255,0,0,0,0,24,12.86,3.0864,9.7736
85,85,160,0.700833,33.4879,0,279,0,0.00000000,0.00000000,0,0,-255,0,-255,0,0,0,0,24,12.86,3.0864,9.7736
86,83,161,0.710305,33.4841,0,279,0,0.00000000,0.00000000,0,0,-255,0,-255,0,0,0,0,23.8,12.86,3.06068,9.79932
87,81,161,0.719759,33.4775,0,278,0,0.00000000,0.00000000,0,0,-255,0,-255,0,0,0,0,23.8,12.86,3.06068,9.79932
88,81,161,0.729187,33.4858,0,283,0,0.00000000,0.00000000,0,0,-255,0,-255,0,0,0,0,23.7,12.86,3.04782,9.81218
89,81,161,0.738615,33.5038,0,283,0,0.00000000,0.00000000,0,0,-255,0,-255,0,0,0,0,23.7,12.86,3.04782,9.81218
90,84,158,0.746177,33.5029,0,279,0,0.00000000,0.00000000,0,0,-255,0,-255,0,0,0,0,23.7,12.86,3.04782,9.81218
91,86,157,0.755637,33.4873,0,277,0,0.00000000,0.00000000,0,0,-255,0,-255,0,0,0,0,23.6,12.85,3.0326,9.8174
92,84,157,0.765088,33.4975,0,284,0,0.00000000,0.00000000,0,0,-255,0,-255,0,0,0,0,23.6,12.86,3.03496,9.82504
93,84,157,0.77454,33.5297,0,287,0,0.00000000,0.00000000,0,0,-255,0,-255,0,0,0,0,23.6,12.86,3.03496,9.82504
94,84,157,0.784009,33.5748,0,291,0,0.00000000,0.00000000,0,0,-255,0,-255,0,0,0,0,23.3,12.86,2.99638,9.86362
95,84,157,0.793471,33.6099,0,289,0,0.00000000,0.00000000,0,0,-255,0,-255,0,0,0,0,23.3,12.86,2.99638,9.86362
96,85,157,0.802959,33.6495,0,292,0,0.00000000,0.00000000,0,0,-255,0,-255,0,0,0,0,23.2,12.87,2.98584,9.88416
97,85,160,0.812469,33.6888,0,290,0,0.00000000,0.00000000,0,0,-255,0,-255,0,0,0,0,23.2,12.87,2.98584,9.88416
98,87,161,0.821978,33.7095,0,289,0,0.00000000,0.00000000,0,0,-255,0,-255,0,0,0,0,22.6,12.87,2.90862,9.96138
99,88,161,0.831477,33.7428,0,292,0,0.00000000,0.00000000,0,0,-255,0,-255,0,0,0,0,22.6,12.87,2.90862,9.96138
100,89,162,0.841028,33.7639,0,287,0,0.00000000,0.00000000,0,0,-255,0,-255,0,0,0,0,21.8,12.87,2.80566,10.0643
101,89,162,0.850544,33.7686,0,287,0,0.00000000,0.00000000,0,0,-255,0,-255,0,0,0,0,21.8,12.87,2.80566,10.0643
102,87,162,0.860071,33.783,0,291,0,0.00000000,0.00000000,0,0,-255,0,-255,0,0,0,0,21.9,12.87,2.81853,10.0515
103,88,163,0.867683,33.8,0,291,0,0.00000000,0.00000000,0,0,-255,0,-255,0,0,0,0,21.9,12.87,2.81853,10.0515
104,90,164,0.877239,33.8184,0,291,0,0.00000000,0.00000000,0,0,-255,0,-255,0,0,0,0,22.1,12.86,2.84206,10.0179
105,91,164,0.886801,33.8356,0,291,0,0.00000000,0.00000000,0,0,-255,0,-255,0,0,0,0,22.1,12.86,2.84206,10.0179
106,90,165,0.896318,33.8357,0,288,0,0.00000000,0.00000000,0,0,-255,0,-255,0,0,0,0,22.3,12.86,2.86778,9.99222
107,88,165,0.905894,33.8438,0,290,0,0.00000000,0.00000000,0,0,-255,0,-255,0,0,0,0,22.3,12.86,2.86778,9.99222
108,88,165,0.915413,33.8503,0,289,0,0.00000000,0.00000000,0,0,-255,0,-255,0,0,0,0,22.3,12.86,2.86778,9.99222
109,89,165,0.92499,33.8567,0,289,0,0.00000000,0.00000000,0,0,-255,0,-255,0,0,0,0,22.8,12.86,2.93208,9.92792
110,89,166,0.934545,33.863,0,292,0,0.00000000,0.00000000,0,0,-255,0,-255,0,0,0,0,23.8,12.87,3.06306,9.80694
111,90,167,0.944098,33.88,0,292,0,0.00000000,0.00000000,0,0,-255,0,-255,0,0,0,0,23.8,12.87,3.06306,9.80694
112,90,167,0.953659,33.8853,0,289,0,0.00000000,0.00000000,0,0,-255,0,-255,0,0,0,0,24.2,12.87,3.11454,9.75546
113,90,167,0.963217,33.8823,0,289,0,0.00000000,0.00000000,0,0,-255,0,-255,0,0,0,0,24.2,12.87,3.11454,9.75546
114,90,167,0.972781,33.8867,0,290,0,0.00000000,0.00000000,0,0,-255,0,-255,0,0,0,0,24.2,12.87,3.11454,9.75546
115,89,168,0.982317,33.8909,0,288,0,0.00000000,0.00000000,0,0,-255,0,-255,0,0,0,0,24.7,12.87,3.17889,9.69111
116,90,168,0.989956,33.8863,0,288,0,0.00000000,0.00000000,0,0,-255,0,-255,0,0,0,0,24.7,12.87,3.17889,9.69111
117,87,169,0.999521,33.8888,0,290,0,0.00000000,0.00000000,0,0,-255,0,-255,0,0,0,0,24.9,12.87,3.20463,9.66537
118,87,170,1.00911,33.8933,0,289,0,0.00000000,0.00000000,0,0,-255,0,-255,0,0,0,0,24.9,12.87,3.20463,9.66537
119,89,169,1.01865,33.8903,0,289,0,0.00000000,0.00000000,0,0,-255,0,-255,0,0,0,0,24.9,12.87,3.20463,9.66537
120,88,169,1.02822,33.8915,0,291,0,0.00000000,0.00000000,0,0,-255,0,-255,0,0,0,0,25.3,12.86,3.25358,9.60642
121,88,170,1.03777,33.8989,0,291,0,0.00000000,0.00000000,0,0,-255,0,-255,0,0,0,0,25.3,12.86,3.25358,9.60642
122,88,170,1.04732,33.9003,0,288,0,0.00000000,0.00000000,0,0,-255,0,-255,0,0,0,0,25.9,12.86,3.33074,9.52926
123,87,170,1.05689,33.8948,0,288,0,0.00000000,0.00000000,0,0,-255,0,-255,0,0,0,0,25.9,12.86,3.33074,9.52926
124,86,170,1.06647,33.8913,0,289,0,0.00000000,0.00000000,0,0,-255,0,-255,0,0,0,0,26.3,12.86,3.38218,9.47782
125,86,170,1.07605,33.8976,0,292,0,0.00000000,0.00000000,0,0,-255,0,-255,0,0,0,0,26.3,12.86,3.38218,9.47782
126,87,170,1.08557,33.9061,0,290,0,0.00000000,0.00000000,0,0,-255,0,-255,0,0,0,0,26.5,12.87,3.41055,9.45945
127,87,171,1.09514,33.9078,0,289,0,0.00000000,0.00000000,0,0,-255,0,-255,0,0,0,0,26.5,12.87,3.41055,9.45945
128,87,171,1.10472,33.9089,0,291,0,0.00000000,0.00000000,0,0,-255,0,-255,0,0,0,0,27.3,12.87,3.51351,9.35649
129,88,170,1.11237,33.9172,0,292,0,0.00000000,0.00000000,0,0,-255,0,-255,0,0,0,0,27.3,12.87,3.51351,9.35649
130,89,171,1.12195,33.9227,0,290,0,0.00000000,0.00000000,0,0,-255,0,-255,0,0,0,0,27,12.87,3.4749,9.3951
131,89,170,1.1315,33.9216,0,289,0,0.00000000,0.00000000,0,0,-255,0,-255,0,0,0,0,27,12.87,3.4749,9.3951
132,88,170,1.14107,33.9217,0,290,0,0.00000000,0.00000000,0,0,-255,0,-255,0,0,0,0,26.5,12.87,3.41055,9.45945
133,89,171,1.15069,33.916,0,287,0,0.00000000,0.00000000,0,0,-255,0,-255,0,0,0,0,26.5,12.87,3.41055,9.45945
134,88,170,1.16022,33.9085,0,290,0,0.00000000,0.00000000,0,0,-255,0,-255,0,0,0,0,26.5,12.87,3.41055,9.45945
135,87,170,1.16978,33.9052,0,289,0,0.00000000,0.00000000,0,0,-255,0,-255,0,0,0,0,26.2,12.85,3.3667,9.4833
136,86,170,1.17935,33.9061,0,290,0,0.00000000,0.00000000,0,0,-255,0,-255,0,0,0,0,26.4,12.85,3.3924,9.4576
137,86,172,1.18891,33.918,0,293,0,0.00000000,0.00000000,0,0,-255,0,-255,0,0,0,0,26.4,12.85,3.3924,9.4576
138,88,170,1.1985,33.922,0,290,0,0.00000000,0.00000000,0,0,-255,0,-255,0,0,0,0,25.9,12.85,3.32815,9.52185
139,88,171,1.20806,33.921,0,289,0,0.00000000,0.00000000,0,0,-255,0,-255,0,0,0,0,25.9,12.85,3.32815,9.52185
140,88,172,1.21763,33.9179,0,289,0,0.00000000,0.00000000,0,0,-255,0,-255,0,0,0,0,26.1,12.85,3.35385,9.49615
141,88,172,1.2272,33.9151,0,289,0,0.00000000,0.00000000,0,0,-255,0,-255,0,0,0,0,26.1,12.85,3.35385,9.49615
142,87,171,1.23484,33.9163,0,290,0,0.00000000,0.00000000,0,0,-255,0,-255,0,0,0,0,26.1,12.85,3.35385,9.49615
143,87,171,1.24443,33.9201,0,290,0,0.00000000,0.00000000,0,0,-255,0,-255,0,0,0,0,26.6,12.85,3.4181,9.4319
144,88,172,1.25401,33.9269,0,293,0,0.00000000,0.00000000,0,0,-255,0,-255,0,0,0,0,27.2,12.87,3.50064,9.36936
145,89,172,1.26355,33.9321,0,289,0,0.00000000,0.00000000,0,0,-255,0,-255,0,0,0,0,27.2,12.87,3.50064,9.36936
146,90,172,1.27312,33.9193,0,287,0,0.00000000,0.00000000,0,0,-255,0,-255,0,0,0,0,27.3,12.87,3.51351,9.35649
147,88,172,1.2827,33.9142,0,290,0,0.00000000,0.00000000,0,0,-255,0,-255,0,0,0,0,27.3,12.87,3.51351,9.35649
148,85,172,1.29227,33.9183,0,290,0,0.00000000,0.00000000,0,0,-255,0,-255,0,0,0,0,27.9,12.87,3.59073,9.27927
149,87,172,1.30182,33.9144,0,288,0,0.00000000,0.00000000,0,0,-255,0,-255,0,0,0,0,27.9,12.87,3.59073,9.27927
150,86,172,1.31142,33.9074,0,288,0,0.00000000,0.00000000,0,0,-255,0,-255,0,0,0,0,28.8,12.86,3.70368,9.15632
151,85,172,1.32098,33.9094,0,290,0,0.00000000,0.00000000,0,0,-255,0,-255,0,0,0,0,28.8,12.86,3.70368,9.15632
152,85,172,1.33054,33.9121,0,290,0,0.00000000,0.00000000,0,0,-255,0,-255,0,0,0,0,28.6,12.87,3.68082,9.18918
153,85,172,1.34009,33.9229,0,292,0,0.00000000,0.00000000,0,0,-255,0,-255,0,0,0,0,28.6,12.87,3.68082,9.18918
154,88,172,1.34971,33.9226,0,289,0,0.00000000,0.00000000,0,0,-255,0,-255,0,0,0,0,28.6,12.87,3.68082,9.18918
155,88,172,1.35732,33.9214,0,290,0,0.00000000,0.00000000,0,0,-255,0,-255,0,0,0,0,28.6,12.87,3.68082,9.18918
156,88,172,1.36692,33.9223,0,289,0,0.00000000,0.00000000,0,0,-255,0,-255,0,0,0,0,28.6,12.87,3.68082,9.18918
157,86,172,1.37647,33.9176,0,290,0,0.00000000,0.00000000,0,0,-255,0,-255,0,0,0,0,28.6,12.87,3.68082,9.18918
158,86,172,1.38605,33.9185,0,288,0,0.00000000,0.00000000,0,0,-255,0,-255,0,0,0,0,28.6,12.87,3.68082,9.18918
159,85,173,1.39563,33.9115,0,289,0,0.00000000,0.00000000,0,0,-255,0,-255,0,0,0,0,28.2,12.88,3.63216,9.24784
160,85,172,1.40516,33.9103,0,289,0,0.00000000,0.00000000,0,0,-255,0,-255,0,0,0,0,27.8,12.88,3.58064,9.29936
161,85,172,1.41473,33.9082,0,287,0,0.00000000,0.00000000,0,0,-255,0,-255,0,0,0,0,27.8,12.88,3.58064,9.29936
162,85,173,1.42433,33.9067,0,293,0,0.00000000,0.00000000,0,0,-255,0,-255,0,0,0,0,27.9,12.89,3.59631,9.29369
163,84,173,1.43389,33.9192,0,292,0,0.00000000,0.00000000,0,0,-255,0,-255,0,0,0,0,27.9,12.89,3.59631,9.29369
164,88,173,1.44345,33.9286,0,289,0,0.00000000,0.00000000,0,0,-255,0,-255,0,0,0,0,28.2,12.89,3.63498,9.25502
165,87,173,1.45301,33.9181,0,287,0,0.00000000,0.00000000,0,0,-255,0,-255,0,0,0,0,28.2,12.89,3.63498,9.25502
166,87,173,1.46259,33.9098,0,291,0,0.00000000,0.00000000,0,0,-255,0,-255,0,0,0,0,28.1,12.89,3.62209,9.26791
167,86,173,1.47216,33.9143,0,289,0,0.00000000,0.00000000,0,0,-255,0,-255,0,0,0,0,28.1,12.89,3.62209,9.26791
168,86,173,1.47982,33.9123,0,289,0,0.00000000,0.00000000,0,0,-255,0,-255,0,0,0,0,28.1,12.89,3.62209,9.26791
169,86,173,1.48939,33.9139,0,293,0,0.00000000,0.00000000,0,0,-255,0,-255,0,0,0,0,28.3,12.88,3.64504,9.23496
170,87,173,1.49894,33.92,0,288,0,0.00000000,0.00000000,0,0,-255,0,-255,0,0,0,0,28.3,12.88,3.64504,9.23496
171,88,172,1.50853,33.9192,0,289,0,0.00000000,0.00000000,0,0,-255,0,-255,0,0,0,0,28.3,12.88,3.64504,9.23496
172,88,172,1.51807,33.9149,0,290,0,0.00000000,0.00000000,0,0,-255,0,-255,0,0,0,0,28.2,12.87,3.62934,9.24066
173,86,173,1.52766,33.9151,0,290,0,0.00000000,0.00000000,0,0,-255,0,-255,0,0,0,0,28.2,12.87,3.62934,9.24066
174,86,172,1.5372,33.9121,0,289,0,0.00000000,0.00000000,0,0,-255,0,-255,0,0,0,0,28.1,12.87,3.61647,9.25353
175,86,174,1.54677,33.9117,0,289,0,0.00000000,0.00000000,0,0,-255,0,-255,0,0,0,0,28.1,12.87,3.61647,9.25353
176,86,174,1.55636,33.9179,0,291,0,0.00000000,0.00000000,0,0,-255,0,-255,0,0,0,0,28.1,12.87,3.61647,9.25353
177,87,174,1.56593,33.9215,0,289,0,0.00000000,0.00000000,0,0,-255,0,-255,0,0,0,0,28.5,12.87,3.66795,9.20205
178,87,174,1.57552,33.9248,0,291,0,0.00000000,0.00000000,0,0,-255,0,-255,0,0,0,0,29.1,12.87,3.74517,9.12483
179,88,175,1.58505,33.9258,0,289,0,0.00000000,0.00000000,0,0,-255,0,-255,0,0,0,0,29.1,12.87,3.74517,9.12483
180,88,174,1.59463,33.923,0,289,0,0.00000000,0.00000000,0,0,-255,0,-255,0,0,0,0,29.1,12.87,3.74517,9.12483
181,88,174,1.60229,33.9217,0,290,0,0.00000000,0.00000000,0,0,-255,0,-255,0,0,0,0,29.8,12.87,3.83526,9.03474
182,88,175,1.61185,33.9278,0,292,0,0.00000000,0.00000000,0,0,-255,0,-255,0,0,0,0,30.3,12.86,3.89658,8.96342
183,86,175,1.62144,33.9496,0,297,0,0.00000000,0.00000000,0,0,-255,0,-255,0,0,0,0,30.3,12.86,3.89658,8.96342
184,87,175,1.63104,33.9831,0,299,0,0.00000000,0.00000000,0,0,-255,0,-255,0,0,0,0,30.3,12.86,3.89658,8.96342
185,87,175,1.6406,34.02,0,301,0,0.00000000,0.00000000,0,0,-255,0,-255,0,0,0,0,30.2,12.87,3.88674,8.98326
186,87,175,1.65024,34.0604,0,299,0,0.00000000,0.00000000,0,0,-255,0,-255,0,0,0,0,29.8,12.87,3.83526,9.03474
187,87,175,1.65982,34.0884,0,300,0,0.00000000,0.00000000,0,0,-255,0,-255,0,0,0,0,29.8,12.87,3.83526,9.03474
188,87,175,1.66946,34.1179,0,299,0,0.00000000,0.00000000,0,0,-255,0,-255,0,0,0,0,29.5,12.88,3.7996,9.0804
189,86,175,1.67907,34.135,0,298,0,0.00000000,0.00000000,0,0,-255,0,-255,0,0,0,0,29.5,12.88,3.7996,9.0804
190,87,175,1.6887,34.1513,0,299,0,0.00000000,0.00000000,0,0,-255,0,-255,0,0,0,0,29.2,12.88,3.76096,9.11904
191,85,175,1.69835,34.1648,0,298,0,0.00000000,0.00000000,0,0,-255,0,-255,0,0,0,0,29.2,12.88,3.76096,9.11904
192,85,175,1.708,34.1843,0,301,0,0.00000000,0.00000000,0,0,-255,0,-255,0,0,0,0,29.2,12.87,3.75804,9.11196
193,85,175,1.71762,34.2051,0,300,0,0.00000000,0.00000000,0,0,-255,0,-255,0,0,0,0,29.2,12.87,3.75804,9.11196
194,86,175,1.72534,34.2177,0,299,0,0.00000000,0.00000000,0,0,-255,0,-255,0,0,0,0,29.8,12.87,3.83526,9.03474
195,86,175,1.735,34.2317,0,299,0,0.00000000,0.00000000,0,0,-255,0,-255,0,0,0,0,29.8,12.87,3.83526,9.03474
196,86,175,1.74467,34.2401,0,300,0,0.00000000,0.00000000,0,0,-255,0,-255,0,0,0,0,29.8,12.87,3.83526,9.03474
197,86,175,1.75434,34.2563,0,302,0,0.00000000,0.00000000,0,0,-255,0,-255,0,0,0,0,30.1,12.86,3.87086,8.98914
198,87,175,1.76398,34.2731,0,298,0,0.00000000,0.00000000,0,0,-255,0,-255,0,0,0,0,30,12.86,3.858,9.002
199,87,175,1.77366,34.2728,0,298,0,0.00000000,0.00000000,0,0,-255,0,-255,0,0,0,0,30,12.86,3.858,9.002
200,87,175,1.78333,34.2785,0,301,0,0.00000000,0.00000000,0,0,-255,0,-255,0,0,0,0,30.2,12.87,3.88674,8.98326
201,87,175,1.79301,34.2913,0,301,0,0.00000000,0.00000000,0,0,-255,0,-255,0,0,0,0,30.2,12.87,3.88674,8.98326
202,87,175,1.8027,34.2994,0,298,0,0.00000000,0.00000000,0,0,-255,0,-255,0,0,0,0,30.2,12.88,3.88976,8.99024
203,88,175,1.81236,34.2985,0,299,0,0.00000000,0.00000000,0,0,-255,0,-255,0,0,0,0,30.2,12.88,3.88976,8.99024
204,87,175,1.82203,34.3032,0,300,0,0.00000000,0.00000000,0,0,-255,0,-255,0,0,0,0,29.9,12.87,3.84813,9.02187
205,87,175,1.83173,34.3073,0,299,0,0.00000000,0.00000000,0,0,-255,0,-255,0,0,0,0,29.9,12.87,3.84813,9.02187
206,87,175,1.84139,34.3092,0,300,0,0.00000000,0.00000000,0,0,-255,0,-255,0,0,0,0,29.8,12.88,3.83824,9.04176
207,87,175,1.84912,34.3126,0,299,0,0.00000000,0.00000000,0,0,-255,0,-255,0,0,0,0,29.8,12.88,3.83824,9.04176
208,87,175,1.85884,34.3139,0,300,0,0.00000000,0.00000000,0,0,-255,0,-255,0,0,0,0,29.8,12.88,3.83824,9.04176
209,86,175,1.86849,34.3145,0,300,0,0.00000000,0.00000000,0,0,-255,0,-255,0,0,0,0,29.6,12.89,3.81544,9.07456
210,87,174,1.87818,34.3201,0,301,0,0.00000000,0.00000000,0,0,-255,0,-255,0,0,0,0,28.9,12.9,3.7281,9.1719
211,87,174,1.88786,34.3155,0,297,0,0.00000000,0.00000000,0,0,-255,0,-255,0,0,0,0,28.9,12.9,3.7281,9.1719
212,87,174,1.89757,34.3139,0,300,0,0.00000000,0.00000000,0,0,-255,0,-255,0,0,0,0,28.6,12.89,3.68654,9.20346
213,86,174,1.90722,34.3214,0,301,0,0.00000000,0.00000000,0,0,-255,0,-255,0,0,0,0,28.6,12.89,3.68654,9.20346
214,85,174,1.91689,34.3248,0,299,0,0.00000000,0.00000000,0,0,-255,0,-255,0,0,0,0,28.4,12.9,3.6636,9.2364
215,86,174,1.9266,34.3257,0,300,0,0.00000000,0.00000000,0,0,-255,0,-255,0,0,0,0,28.4,12.9,3.6636,9.2364
216,87,173,1.9363,34.3255,0,299,0,0.00000000,0.00000000,0,0,-255,0,-255,0,0,0,0,28.7,12.89,3.69943,9.19057
217,87,173,1.94597,34.3272,0,300,0,0.00000000,0.00000000,0,0,-255,0,-255,0,0,0,0,28.7,12.89,3.69943,9.19057
218,86,173,1.95565,34.3241,0,301,0,0.00000000,0.00000000,0,0,-255,0,-255,0,0,0,0,28.3,12.89,3.64787,9.24213
219,85,174,1.96533,34.3309,0,301,0,0.00000000,0.00000000,0,0,-255,0,-255,0,0,0,0,28.3,12.89,3.64787,9.24213
220,86,173,1.97309,34.3356,0,301,0,0.00000000,0.00000000,0,0,-255,0,-255,0,0,0,0,28.4,12.89,3.66076,9.22924
221,87,174,1.98275,34.3356,0,299,0,0.00000000,0.00000000,0,0,-255,0,-255,0,0,0,0,28.4,12.89,3.66076,9.22924
222,87,174,1.99247,34.3252,0,298,0,0.00000000,0.00000000,0,0,-255,0,-255,0,0,0,0,28.6,12.9,3.6894,9.2106
223,86,174,2.00214,34.327,0,301,0,0.00000000,0.00000000,0,0,-255,0,-255,0,0,0,0,28.6,12.9,3.6894,9.2106
224,85,175,2.01184,34.3336,0,301,0,0.00000000,0.00000000,0,0,-255,0,-255,0,0,0,0,28.7,12.89,3.69943,9.19057
225,87,175,2.0215,34.3403,0,301,0,0.00000000,0.00000000,0,0,-255,0,-255,0,0,0,0,28.7,12.89,3.69943,9.19057
226,87,176,2.03118,34.3426,0,301,0,0.00000000,0.00000000,0,0,-255,0,-255,0,0,0,0,28.9,12.89,3.72521,9.16479
227,88,177,2.04088,34.3446,0,299,0,0.00000000,0.00000000,0,0,-255,0,-255,0,0,0,0,28.9,12.89,3.72521,9.16479
228,88,176,2.05058,34.3377,0,298,0,0.00000000,0.00000000,0,0,-255,0,-255,0,0,0,0,28.9,12.89,3.72521,9.16479
229,87,176,2.06024,34.3344,0,299,0,0.00000000,0.00000000,0,0,-255,0,-255,0,0,0,0,29.2,12.89,3.76388,9.12612
230,88,176,2.06995,34.3346,0,299,0,0.00000000,0.00000000,0,0,-255,0,-255,0,0,0,0,29.5,12.89,3.80255,9.08745
231,87,176,2.07964,34.3312,0,299,0,0.00000000,0.00000000,0,0,-255,0,-255,0,0,0,0,29.5,12.89,3.80255,9.08745
232,87,176,2.08934,34.3295,0,300,0,0.00000000,0.00000000,0,0,-255,0,-255,0,0,0,0,29.3,12.89,3.77677,9.11323
233,87,176,2.09708,34.3316,0,300,0,0.00000000,0.00000000,0,0,-255,0,-255,0,0,0,0,29.3,12.89,3.77677,9.11323
234,86,176,2.10676,34.334,0,300,0,0.00000000,0.00000000,0,0,-255,0,-255,0,0,0,0,29.4,12.89,3.78966,9.10034
235,87,176,2.11643,34.3393,0,301,0,0.00000000,0.00000000,0,0,-255,0,-255,0,0,0,0,29.4,12.89,3.78966,9.10034
236,88,176,2.12615,34.343,0,300,0,0.00000000,0.00000000,0,0,-255,0,-255,0,0,0,0,29.4,12.89,3.78966,9.10034
237,88,176,2.13583,34.3349,0,298,0,0.00000000,0.00000000,0,0,-255,0,-255,0,0,0,0,29.3,12.89,3.77677,9.11323
238,87,176,2.14551,34.3374,0,299,0,0.00000000,0.00000000,0,0,-255,0,-255,0,0,0,0,29.3,12.89,3.77677,9.11323
239,86,176,2.15518,34.3393,0,301,0,0.00000000,0.00000000,0,0,-255,0,-255,0,0,0,0,29.4,12.89,3.78966,9.10034
240,87,176,2.16488,34.3402,0,298,0,0.00000000,0.00000000,0,0,-255,0,-255,0,0,0,0,29.7,12.89,3.82833,9.06167
241,88,176,2.17455,34.3384,0,299,0,0.00000000,0.00000000,0,0,-255,0,-255,0,0,0,0,29.7,12.89,3.82833,9.06167
242,87,176,2.18427,34.3388,0,300,0,0.00000000,0.00000000,0,0,-255,0,-255,0,0,0,0,29.7,12.89,3.82833,9.06167
243,87,177,2.19393,34.3339,0,298,0,0.00000000,0.00000000,0,0,-255,0,-255,0,0,0,0,29.6,12.9,3.8184,9.0816
244,87,177,2.20361,34.3297,0,300,0,0.00000000,0.00000000,0,0,-255,0,-255,0,0,0,0,29.6,12.9,3.8184,9.0816
245,86,176,2.2133,34.3295,0,298,0,0.00000000,0.00000000,0,0,-255,0,-255,0,0,0,0,29.4,12.9,3.7926,9.1074
246,86,176,2.22106,34.3247,0,299,0,0.00000000,0.00000000,0,0,-255,0,-255,0,0,0,0,29.3,12.89,3.77677,9.11323
247,86,176,2.23075,34.3233,0,299,0,0.00000000,0.00000000,0,0,-255,0,-255,0,0,0,0,29.3,12.89,3.77677,9.11323
248,86,177,2.24042,34.3211,0,299,0,0.00000000,0.00000000,0,0,-255,0,-255,0,0,0,0,28.9,12.87,3.71943,9.15057
249,84,176,2.25011,34.3257,0,301,0,0.00000000,0.00000000,0,0,-255,0,-255,0,0,0,0,28.9,12.87,3.71943,9.15057
250,86,176,2.25979,34.3286,0,299,0,0.00000000,0.00000000,0,0,-255,0,-255,0,0,0,0,28.6,12.87,3.68082,9.18918
251,86,176,2.26948,34.3291,0,300,0,0.00000000,0.00000000,0,0,-255,0,-255,0,0,0,0,28.6,12.87,3.68082,9.18918
252,86,176,2.27915,34.3317,0,300,0,0.00000000,0.00000000,0,0,-255,0,-255,0,0,0,0,28.6,12.87,3.68082,9.18918
253,86,176,2.28885,34.3382,0,301,0,0.00000000,0.00000000,0,0,-255,0,-255,0,0,0,0,28.2,12.85,3.6237,9.2263
254,87,175,2.29853,34.3415,0,299,0,0.00000000,0.00000000,0,0,-255,0,-255,0,0,0,0,27.8,12.85,3.5723,9.2777
255,88,175,2.30822,34.3365,0,301,0,0.00000000,0.00000000,0,0,-255,0,-255,0,0,0,0,27.8,12.85,3.5723,9.2777
256,87,176,2.3179,34.3378,0,300,0,0.00000000,0.00000000,0,0,-255,0,-255,0,0,0,0,27,12.86,3.4722,9.3878
257,87,176,2.32758,34.3371,0,299,0,0.00000000,0.00000000,0,0,-255,0,-255,0,0,0,0,27,12.86,3.4722,9.3878
258,87,177,2.33731,34.3385,0,300,0,0.00000000,0.00000000,0,0,-255,0,-255,0,0,0,0,27,12.87,3.4749,9.3951
259,87,176,2.34505,34.3398,0,300,0,0.00000000,0.00000000,0,0,-255,0,-255,0,0,0,0,27,12.87,3.4749,9.3951
260,87,177,2.35474,34.3386,0,300,0,0.00000000,0.00000000,0,0,-255,0,-255,0,0,0,0,26.7,12.87,3.43629,9.43371
261,87,177,2.3644,34.3406,0,301,0,0.00000000,0.00000000,0,0,-255,0,-255,0,0,0,0,26.7,12.87,3.43629,9.43371
262,88,176,2.37409,34.3507,0,302,0,0.00000000,0.00000000,0,0,-255,0,-255,0,0,0,0,26.7,12.89,3.44163,9.44837
263,89,177,2.3838,34.3568,0,301,0,0.00000000,0.00000000,0,0,-255,0,-255,0,0,0,0,26.7,12.89,3.44163,9.44837
264,88,176,2.3935,34.3536,0,299,0,0.00000000,0.00000000,0,0,-255,0,-255,0,0,0,0,27,12.9,3.483,9.417
265,88,177,2.40318,34.3481,0,299,0,0.00000000,0.00000000,0,0,-255,0,-255,0,0,0,0,27,12.9,3.483,9.417
266,87,176,2.41286,34.3432,0,299,0,0.00000000,0.00000000,0,0,-255,0,-255,0,0,0,0,28,12.9,3.612,9.288
267,87,176,2.42256,34.3421,0,300,0,0.00000000,0.00000000,0,0,-255,0,-255,0,0,0,0,28,12.9,3.612,9.288
268,86,176,2.43225,34.3387,0,298,0,0.00000000,0.00000000,0,0,-255,0,-255,0,0,0,0,28.5,12.91,3.67935,9.23065
269,84,175,2.44193,34.3279,0,297,0,0.00000000,0.00000000,0,0,-255,0,-255,0,0,0,0,28.5,12.91,3.67935,9.23065
270,84,176,2.45161,34.3227,0,301,0,0.00000000,0.00000000,0,0,-255,0,-255,0,0,0,0,29,12.9,3.741,9.159
271,84,176,2.4613,34.3307,0,301,0,0.00000000,0.00000000,0,0,-255,0,-255,0,0,0,0,29,12.9,3.741,9.159
272,84,177,2.46902,34.3363,0,301,0,0.00000000,0.00000000,0,0,-255,0,-255,0,0,0,0,29.7,12.9,3.8313,9.0687
273,86,176,2.47874,34.3592,0,305,0,0.00000000,0.00000000,0,0,-255,0,-255,0,0,0,0,29.7,12.9,3.8313,9.0687
274,86,177,2.48841,34.3813,0,305,0,0.00000000,0.00000000,0,0,-255,0,-255,0,0,0,0,29.7,12.9,3.8313,9.0687
275,86,176,2.49812,34.4102,0,309,0,0.00000000,0.00000000,0,0,-255,0,-255,0,0,0,0,29.3,12.89,3.77677,9.11323
276,84,177,2.50786,34.4514,0,311,0,0.00000000,0.00000000,0,0,-255,0,-255,0,0,0,0,29.3,12.89,3.77677,9.11323
277,84,175,2.51758,34.4904,0,311,0,0.00000000,0.00000000,0,0,-255,0,-255,0,0,0,0,28.1,12.88,3.61928,9.26072
278,85,176,2.52733,34.5201,0,310,0,0.00000000,0.00000000,0,0,-255,0,-255,0,0,0,0,28.1,12.88,3.61928,9.26072
279,85,176,2.53704,34.5483,0,311,0,0.00000000,0.00000000,0,0,-255,0,-255,0,0,0,0,27.4,12.88,3.52912,9.35088
280,86,175,2.5468,34.5734,0,310,0,0.00000000,0.00000000,0,0,-255,0,-255,0,0,0,0,26.5,12.88,3.4132,9.4668
281,86,176,2.55654,34.5939,0,309,0,0.00000000,0.00000000,0,0,-255,0,-255,0,0,0,0,26.5,12.88,3.4132,9.4668
282,86,176,2.5663,34.6109,0,311,0,0.00000000,0.00000000,0,0,-255,0,-255,0,0,0,0,25.5,12.89,3.28695,9.60305
283,87,177,2.57607,34.6322,0,311,0,0.00000000,0.00000000,0,0,-255,0,-255,0,0,0,0,25.5,12.89,3.28695,9.60305
284,87,177,2.58586,34.6349,0,307,0,0.00000000,0.00000000,0,0,-255,0,-255,0,0,0,0,25.4,12.89,3.27406,9.61594
285,86,177,2.59368,34.645,0,310,0,0.00000000,0.00000000,0,0,-255,0,-255,0,0,0,0,25.4,12.89,3.27406,9.61594
286,87,177,2.60345,34.6534,0,308,0,0.00000000,0.00000000,0,0,-255,0,-255,0,0,0,0,25.4,12.9,3.2766,9.6234
287,87,177,2.61324,34.6654,0,313,0,0.00000000,0.00000000,0,0,-255,0,-255,0,0,0,0,25.4,12.9,3.2766,9.6234
288,87,177,2.623,34.679,0,308,0,0.00000000,0.00000000,0,0,-255,0,-255,0,0,0,0,25.6,12.9,3.3024,9.5976
289,88,177,2.63279,34.6717,0,307,0,0.00000000,0.00000000,0,0,-255,0,-255,0,0,0,0,25.6,12.9,3.3024,9.5976
290,85,178,2.64258,34.6713,0,306,0,0.00000000,0.00000000,0,0,-255,0,-255,0,0,0,0,25.7,12.9,3.3153,9.5847
291,85,177,2.65236,34.6686,0,309,0,0.00000000,0.00000000,0,0,-255,0,-255,0,0,0,0,25.7,12.9,3.3153,9.5847
292,83,178,2.66212,34.6782,0,311,0,0.00000000,0.00000000,0,0,-255,0,-255,0,0,0,0,26,12.9,3.354,9.546
293,83,178,2.67193,34.6857,0,309,0,0.00000000,0.00000000,0,0,-255,0,-255,0,0,0,0,26,12.9,3.354,9.546
294,83,178,2.68172,34.6897,0,309,0,0.00000000,0.00000000,0,0,-255,0,-255,0,0,0,0,25.7,12.91,3.31787,9.59213
295,81,177,2.69148,34.7001,0,312,0,0.00000000,0.00000000,0,0,-255,0,-255,0,0,0,0,25.7,12.91,3.31787,9.59213
296,83,178,2.7013,34.7175,0,313,0,0.00000000,0.00000000,0,0,-255,0,-255,0,0,0,0,25.6,12.91,3.30496,9.60504
297,85,178,2.7111,34.7255,0,310,0,0.00000000,0.00000000,0,0,-255,0,-255,0,0,0,0,25.6,12.91,3.30496,9.60504
298,86,178,2.71892,34.7339,0,313,0,0.00000000,0.00000000,0,0,-255,0,-255,0,0,0,0,25.5,12.91,3.29205,9.61795
299,87,178,2.72874,34.7444,0,308,0,0.00000000,0.00000000,0,0,-255,0,-255,0,0,0,0,25.5,12.91,3.29205,9.61795
300,87,178,2.73852,34.7402,0,310,0,0.00000000,0.00000000,0,0,-255,0,-255,0,0,0,0,25.5,12.91,3.29205,9.61795
301,88,178,2.74832,34.7468,0,311,0,0.00000000,0.00000000,0,0,-255,0,-255,0,0,0,0,25.5,12.91,3.29205,9.61795
302,88,179,2.75811,34.7425,0,308,0,0.00000000,0.00000000,0,0,-255,0,-255,0,0,0,0,25.5,12.91,3.29205,9.61795
303,87,178,2.76792,34.7385,0,310,0,0.00000000,0.00000000,0,0,-255,0,-255,0,0,0,0,25.6,12.91,3.30496,9.60504
304,86,179,2.77774,34.7435,0,311,0,0.00000000,0.00000000,0,0,-255,0,-255,0,0,0,0,25.7,12.9,3.3153,9.5847
305,86,179,2.78754,34.7437,0,309,0,0.00000000,0.00000000,0,0,-255,0,-255,0,0,0,0,25.7,12.9,3.3153,9.5847
306,87,179,2.79733,34.7436,0,310,0,0.00000000,0.00000000,0,0,-255,0,-255,0,0,0,0,26.2,12.89,3.37718,9.51282
307,87,178,2.80713,34.741,0,308,0,0.00000000,0.00000000,0,0,-255,0,-255,0,0,0,0,26.2,12.89,3.37718,9.51282
308,87,178,2.81694,34.7385,0,309,0,0.00000000,0.00000000,0,0,-255,0,-255,0,0,0,0,25.9,12.89,3.33851,9.55149
309,86,179,2.82673,34.7353,0,308,0,0.00000000,0.00000000,0,0,-255,0,-255,0,0,0,0,25.9,12.89,3.33851,9.55149
310,86,180,2.83656,34.7375,0,310,0,0.00000000,0.00000000,0,0,-255,0,-255,0,0,0,0,25.9,12.89,3.33851,9.55149
311,85,179,2.84438,34.7397,0,310,0,0.00000000,0.00000000,0,0,-255,0,-255,0,0,0,0,25.8,12.88,3.32304,9.55696
312,86,180,2.85418,34.7467,0,310,0,0.00000000,0.00000000,0,0,-255,0,-255,0,0,0,0,25.5,12.88,3.2844,9.5956
313,87,180,2.864,34.7406,0,307,0,0.00000000,0.00000000,0,0,-255,0,-255,0,0,0,0,25.5,12.88,3.2844,9.5956
314,87,180,2.87376,34.7418,0,312,0,0.00000000,0.00000000,0,0,-255,0,-255,0,0,0,0,25.5,12.88,3.2844,9.5956
315,86,179,2.88356,34.7499,0,309,0,0.00000000,0.00000000,0,0,-255,0,-255,0,0,0,0,25.6,12.88,3.29728,9.58272
316,87,179,2.89339,34.7482,0,310,0,0.00000000,0.00000000,0,0,-255,0,-255,0,0,0,0,25.2,12.88,3.24576,9.63424
317,88,178,2.90318,34.7562,0,312,0,0.00000000,0.00000000,0,0,-255,0,-255,0,0,0,0,25.2,12.88,3.24576,9.63424
318,90,180,2.91299,34.7562,0,307,0,0.00000000,0.00000000,0,0,-255,0,-255,0,0,0,0,25.5,12.88,3.2844,9.5956
319,89,180,2.92279,34.7439,0,308,0,0.00000000,0.00000000,0,0,-255,0,-255,0,0,0,0,25.5,12.88,3.2844,9.5956
320,87,179,2.93258,34.7437,0,309,0,0.00000000,0.00000000,0,0,-255,0,-255,0,0,0,0,25.4,12.88,3.27152,9.60848
321,88,180,2.9424,34.7454,0,310,0,0.00000000,0.00000000,0,0,-255,0,-255,0,0,0,0,25.4,12.88,3.27152,9.60848
322,89,180,2.95219,34.7473,0,310,0,0.00000000,0.00000000,0,0,-255,0,-255,0,0,0,0,25.9,12.88,3.33592,9.54408
323,89,180,2.96199,34.7431,0,309,0,0.00000000,0.00000000,0,0,-255,0,-255,0,0,0,0,25.9,12.88,3.33592,9.54408
324,89,180,2.96984,34.7453,0,310,0,0.00000000,0.00000000,0,0,-255,0,-255,0,0,0,0,26.2,12.88,3.37456,9.50544
325,88,180,2.97965,34.7449,0,309,0,0.00000000,0.00000000,0,0,-255,0,-255,0,0,0,0,26.2,12.88,3.37456,9.50544
326,88,180,2.98946,34.75,0,310,0,0.00000000,0.00000000,0,0,-255,0,-255,0,0,0,0,26.2,12.9,3.3798,9.5202
327,89,180,2.99924,34.7514,0,310,0,0.00000000,0.00000000,0,0,-255,0,-255,0,0,0,0,26.2,12.9,3.3798,9.5202
328,89,179,3.00906,34.7526,0,310,0,0.00000000,0.00000000,0,0,-255,0,-255,0,0,0,0,26.1,12.9,3.3669,9.5331
329,90,180,3.01885,34.7505,0,309,0,0.00000000,0.00000000,0,0,-255,0,-255,0,0,0,0,26.1,12.9,3.3669,9.5331
330,89,179,3.02866,34.7478,0,310,0,0.00000000,0.00000000,0,0,-255,0,-255,0,0,0,0,26.1,12.9,3.3669,9.5331
331,89,179,3.03845,34.7458,0,308,0,0.00000000,0.00000000,0,0,-255,0,-255,0,0,0,0,26.1,12.9,3.3669,9.5331
332,89,180,3.04827,34.7409,0,311,0,0.00000000,0.00000000,0,0,-255,0,-255,0,0,0,0,25.9,12.91,3.34369,9.56631
333,89,179,3.05807,34.7487,0,309,0,0.00000000,0.00000000,0,0,-255,0,-255,0,0,0,0,25.9,12.91,3.34369,9.56631
334,89,179,3.06787,34.7412,0,307,0,0.00000000,0.00000000,0,0,-255,0,-255,0,0,0,0,25.7,12.9,3.3153,9.5847
335,87,179,3.07768,34.737,0,310,0,0.00000000,0.00000000,0,0,-255,0,-255,0,0,0,0,25.7,12.9,3.3153,9.5847
336,89,181,3.08747,34.7448,0,311,0,0.00000000,0.00000000,0,0,-255,0,-255,0,0,0,0,26.1,12.89,3.36429,9.52571
337,89,181,3.09533,34.7449,0,308,0,0.00000000,0.00000000,0,0,-255,0,-255,0,0,0,0,26.1,12.89,3.36429,9.52571
338,90,181,3.10511,34.742,0,311,0,0.00000000,0.00000000,0,0,-255,0,-255,0,0,0,0,26.1,12.89,3.36429,9.52571
339,89,179,3.11491,34.7465,0,310,0,0.00000000,0.00000000,0,0,-255,0,-255,0,0,0,0,26.2,12.89,3.37718,9.51282
340,89,180,3.12474,34.7427,0,308,0,0.00000000,0.00000000,0,0,-255,0,-255,0,0,0,0,26.5,12.9,3.4185,9.4815
341,89,180,3.13452,34.7391,0,309,0,0.00000000,0.00000000,0,0,-255,0,-255,0,0,0,0,26.5,12.9,3.4185,9.4815
342,89,180,3.14432,34.7371,0,307,0,0.00000000,0.00000000,0,0,-255,0,-255,0,0,0,0,26.8,12.9,3.4572,9.4428
343,88,179,3.15414,34.7278,0,310,0,0.00000000,0.00000000,0,0,-255,0,-255,0,0,0,0,26.8,12.9,3.4572,9.4428
344,88,179,3.16391,34.7384,0,311,0,0.00000000,0.00000000,0,0,-255,0,-255,0,0,0,0,26.9,12.9,3.4701,9.4299
345,87,181,3.17373,34.7334,0,308,0,0.00000000,0.00000000,0,0,-255,0,-255,0,0,0,0,26.9,12.9,3.4701,9.4299
346,87,181,3.18353,34.734,0,310,0,0.00000000,0.00000000,0,0,-255,0,-255,0,0,0,0,26.9,12.9,3.4701,9.4299
347,87,180,3.19333,34.7358,0,309,0,0.00000000,0.00000000,0,0,-255,0,-255,0,0,0,0,27.1,12.9,3.4959,9.4041
348,87,179,3.20314,34.7398,0,311,0,0.00000000,0.00000000,0,0,-255,0,-255,0,0,0,0,26.8,12.9,3.4572,9.4428
349,88,179,3.21294,34.7439,0,309,0,0.00000000,0.00000000,0,0,-255,0,-255,0,0,0,0,26.8,12.9,3.4572,9.4428
350,88,180,3.22079,34.736,0,308,0,0.00000000,0.00000000,0,0,-255,0,-255,0,0,0,0,26.8,12.9,3.4572,9.4428
351,86,179,3.23057,34.7318,0,308,0,0.00000000,0.00000000,0,0,-255,0,-255,0,0,0,0,26.9,12.9,3.4701,9.4299
352,86,179,3.24035,34.7276,0,309,0,0.00000000,0.00000000,0,0,-255,0,-255,0,0,0,0,26.4,12.89,3.40296,9.48704
353,85,181,3.25017,34.7302,0,310,0,0.00000000,0.00000000,0,0,-255,0,-255,0,0,0,0,26.4,12.89,3.40296,9.48704
354,85,180,3.25995,34.732,0,310,0,0.00000000,0.00000000,0,0,-255,0,-255,0,0,0,0,26.4,12.89,3.40296,9.48704
355,85,179,3.26977,34.7391,0,310,0,0.00000000,0.00000000,0,0,-255,0,-255,0,0,0,0,26.2,12.9,3.3798,9.5202
356,84,180,3.27956,34.7347,0,307,0,0.00000000,0.00000000,0,0,-255,0,-255,0,0,0,0,26.2,12.9,3.3798,9.5202
357,84,179,3.28934,34.7376,0,312,0,0.00000000,0.00000000,0,0,-255,0,-255,0,0,0,0,25.7,12.89,3.31273,9.57727
358,84,180,3.29918,34.7425,0,309,0,0.00000000,0.00000000,0,0,-255,0,-255,0,0,0,0,25.7,12.89,3.31273,9.57727
359,85,180,3.30896,34.7388,0,308,0,0.00000000,0.00000000,0,0,-255,0,-255,0,0,0,0,25.5,12.89,3.28695,9.60305
360,85,180,3.31876,34.7361,0,310,0,0.00000000,0.00000000,0,0,-255,0,-255,0,0,0,0,24.7,12.89,3.18383,9.70617
361,83,179,3.32858,34.7478,0,313,0,0.00000000,0.00000000,0,0,-255,0,-255,0,0,0,0,24.7,12.89,3.18383,9.70617
362,85,179,3.33837,34.7793,0,319,0,0.00000000,0.00000000,0,0,-255,0,-255,0,0,0,0,24.5,12.9,3.1605,9.7395
363,87,181,3.34623,34.8096,0,319,0,0.00000000,0.00000000,0,0,-255,0,-255,0,0,0,0,24.5,12.9,3.1605,9.7395
364,87,180,3.35606,34.8467,0,321,0,0.00000000,0.00000000,0,0,-255,0,-255,0,0,0,0,24.2,12.91,3.12422,9.78578
365,88,181,3.36587,34.8864,0,319,0,0.00000000,0.00000000,0,0,-255,0,-255,0,0,0,0,24.2,12.91,3.12422,9.78578
366,88,181,3.37574,34.9095,0,319,0,0.00000000,0.00000000,0,0,-255,0,-255,0,0,0,0,24.2,12.91,3.12422,9.78578
367,88,181,3.38558,34.9335,0,321,0,0.00000000,0.00000000,0,0,-255,0,-255,0,0,0,0,24.2,12.91,3.12422,9.78578
368,88,181,3.39545,34.9665,0,323,0,0.00000000,0.00000000,0,0,-255,0,-255,0,0,0,0,24.2,12.91,3.12422,9.78578
369,90,182,3.4053,34.9891,0,317,0,0.00000000,0.00000000,0,0,-255,0,-255,0,0,0,0,24.1,12.91,3.11131,9.79869
370,88,182,3.41517,34.9935,0,319,0,0.00000000,0.00000000,0,0,-255,0,-255,0,0,0,0,24.2,12.91,3.12422,9.78578
371,88,181,3.42507,35.0112,0,320,0,0.00000000,0.00000000,0,0,-255,0,-255,0,0,0,0,24.2,12.91,3.12422,9.78578
372,90,182,3.43492,35.0259,0,319,0,0.00000000,0.00000000,0,0,-255,0,-255,0,0,0,0,24.2,12.91,3.12422,9.78578
373,90,183,3.44484,35.0436,0,320,0,0.00000000,0.00000000,0,0,-255,0,-255,0,0,0,0,24.7,12.9,3.1863,9.7137
374,90,183,3.4547,35.0514,0,318,0,0.00000000,0.00000000,0,0,-255,0,-255,0,0,0,0,25.2,12.9,3.2508,9.6492
375,88,183,3.46461,35.0587,0,320,0,0.00000000,0.00000000,0,0,-255,0,-255,0,0,0,0,25.2,12.9,3.2508,9.6492
376,88,183,3.47252,35.0682,0,320,0,0.00000000,0.00000000,0,0,-255,0,-255,0,0,0,0,25.3,12.9,3.2637,9.6363
377,89,183,3.48239,35.0752,0,320,0,0.00000000,0.00000000,0,0,-255,0,-255,0,0,0,0,25.3,12.9,3.2637,9.6363
378,89,183,3.49231,35.0858,0,318,0,0.00000000,0.00000000,0,0,-255,0,-255,0,0,0,0,26.1,12.9,3.3669,9.5331
379,89,182,3.50221,35.086,0,319,0,0.00000000,0.00000000,0,0,-255,0,-255,0,0,0,0,26.1,12.9,3.3669,9.5331
380,87,182,3.51211,35.093,0,321,0,0.00000000,0.00000000,0,0,-255,0,-255,0,0,0,0,26.5,12.9,3.4185,9.4815
381,89,182,3.522,35.1038,0,320,0,0.00000000,0.00000000,0,0,-255,0,-255,0,0,0,0,26.5,12.9,3.4185,9.4815
382,89,183,3.5319,35.1109,0,321,0,0.00000000,0.00000000,0,0,-255,0,-255,0,0,0,0,26.6,12.91,3.43406,9.47594
383,90,183,3.54181,35.1194,0,321,0,0.00000000,0.00000000,0,0,-255,0,-255,0,0,0,0,26.6,12.91,3.43406,9.47594
384,90,183,3.55171,35.1206,0,319,0,0.00000000,0.00000000,0,0,-255,0,-255,0,0,0,0,26.6,12.91,3.43406,9.47594
385,90,183,3.56164,35.1208,0,319,0,0.00000000,0.00000000,0,0,-255,0,-255,0,0,0,0,26.6,12.91,3.43406,9.47594
386,89,183,3.57152,35.1243,0,320,0,0.00000000,0.00000000,0,0,-255,0,-255,0,0,0,0,27,12.91,3.4857,9.4243
387,89,183,3.58144,35.1286,0,320,0,0.00000000,0.00000000,0,0,-255,0,-255,0,0,0,0,27,12.91,3.4857,9.4243
388,90,183,3.59134,35.1287,0,318,0,0.00000000,0.00000000,0,0,-255,0,-255,0,0,0,0,27,12.91,3.4857,9.4243
389,90,183,3.59929,35.1292,0,320,0,0.00000000,0.00000000,0,0,-255,0,-255,0,0,0,0,27,12.91,3.4857,9.4243
390,89,183,3.60922,35.1303,0,320,0,0.00000000,0.00000000,0,0,-255,0,-255,0,0,0,0,27.1,12.9,3.4959,9.4041
391,88,183,3.61911,35.1363,0,321,0,0.00000000,0.00000000,0,0,-255,0,-255,0,0,0,0,27.1,12.9,3.4959,9.4041
392,89,183,3.629,35.1262,0,316,0,0.00000000,0.00000000,0,0,-255,0,-255,0,0,0,0,27.1,12.9,3.4959,9.4041
393,87,183,3.63893,35.122,0,319,0,0.00000000,0.00000000,0,0,-255,0,-255,0,0,0,0,27.2,12.9,3.5088,9.3912
394,87,183,3.64882,35.127,0,320,0,0.00000000,0.00000000,0,0,-255,0,-255,0,0,0,0,27,12.9,3.483,9.417
395,87,183,3.65877,35.1238,0,318,0,0.00000000,0.00000000,0,0,-255,0,-255,0,0,0,0,27,12.9,3.483,9.417
396,85,184,3.66867,35.1202,0,318,0,0.00000000,0.00000000,0,0,-255,0,-255,0,0,0,0,26.7,12.89,3.44163,9.44837
397,85,183,3.67858,35.116,0,318,0,0.00000000,0.00000000,0,0,-255,0,-255,0,0,0,0,26.7,12.89,3.44163,9.44837
398,84,182,3.68846,35.1219,0,321,0,0.00000000,0.00000000,0,0,-255,0,-255,0,0,0,0,26.3,12.88,3.38744,9.49256
399,85,182,3.69838,35.13,0,321,0,0.00000000,0.00000000,0,0,-255,0,-255,0,0,0,0,26.3,12.88,3.38744,9.49256
400,85,182,3.70827,35.1332,0,320,0,0.00000000,0.00000000,0,0,-255,0,-255,0,0,0,0,26.3,12.88,3.38744,9.49256
401,85,182,3.71822,35.1397,0,321,0,0.00000000,0.00000000,0,0,-255,0,-255,0,0,0,0,26.2,12.89,3.37718,9.51282
402,86,182,3.72616,35.1445,0,321,0,0.00000000,0.00000000,0,0,-255,0,-255,0,0,0,0,26.2,12.89,3.37718,9.51282
403,86,183,3.73606,35.1588,0,326,0,0.00000000,0.00000000,0,0,-255,0,-255,0,0,0,0,25.9,12.89,3.33851,9.55149
404,88,183,3.74597,35.1772,0,319,0,0.00000000,0.00000000,0,0,-255,0,-255,0,0,0,0,25.6,12.9,3.3024,9.5976
405,93,183,3.75591,35.1645,0,318,0,0.00000000,0.00000000,0,0,-255,0,-255,0,0,0,0,25.6,12.9,3.3024,9.5976
406,91,183,3.76583,35.1662,0,320,0,0.00000000,0.00000000,0,0,-255,0,-255,0,0,0,0,25.3,12.9,3.2637,9.6363
407,93,183,3.77574,35.1649,0,320,0,0.00000000,0.00000000,0,0,-255,0,-255,0,0,0,0,25.3,12.9,3.2637,9.6363
408,93,183,3.78568,35.1629,0,320,0,0.00000000,0.00000000,0,0,-255,0,-255,0,0,0,0,25.3,12.9,3.2637,9.6363
409,93,183,3.79558,35.1639,0,320,0,0.00000000,0.00000000,0,0,-255,0,-255,0,0,0,0,25.4,12.9,3.2766,9.6234
410,92,183,3.80548,35.1548,0,318,0,0.00000000,0.00000000,0,0,-255,0,-255,0,0,0,0,25.4,12.89,3.27406,9.61594
411,90,184,3.8154,35.1531,0,320,0,0.00000000,0.00000000,0,0,-255,0,-255,0,0,0,0,25.4,12.89,3.27406,9.61594
412,90,184,3.82533,35.1489,0,320,0,0.00000000,0.00000000,0,0,-255,0,-255,0,0,0,0,25.4,12.89,3.27406,9.61594
413,90,184,3.83527,35.1504,0,320,0,0.00000000,0.00000000,0,0,-255,0,-255,0,0,0,0,25.4,12.9,3.2766,9.6234
414,90,184,3.84516,35.1518,0,320,0,0.00000000,0.00000000,0,0,-255,0,-255,0,0,0,0,25.9,12.9,3.3411,9.5589
415,90,184,3.85308,35.151,0,320,0,0.00000000,0.00000000,0,0,-255,0,-255,0,0,0,0,25.9,12.9,3.3411,9.5589
416,90,184,3.863,35.1492,0,319,0,0.00000000,0.00000000,0,0,-255,0,-255,0,0,0,0,26.2,12.9,3.3798,9.5202
417,90,184,3.87292,35.1477,0,320,0,0.00000000,0.00000000,0,0,-255,0,-255,0,0,0,0,26.2,12.9,3.3798,9.5202
418,90,184,3.88286,35.1494,0,320,0,0.00000000,0.00000000,0,0,-255,0,-255,0,0,0,0,26.3,12.9,3.3927,9.5073
419,91,184,3.89277,35.1517,0,318,0,0.00000000,0.00000000,0,0,-255,0,-255,0,0,0,0,26.3,12.9,3.3927,9.5073
420,91,184,3.9027,35.1464,0,319,0,0.00000000,0.00000000,0,0,-255,0,-255,0,0,0,0,26.4,12.9,3.4056,9.4944
421,89,184,3.91262,35.1438,0,319,0,0.00000000,0.00000000,0,0,-255,0,-255,0,0,0,0,26.4,12.9,3.4056,9.4944
422,90,185,3.92251,35.1469,0,321,0,0.00000000,0.00000000,0,0,-255,0,-255,0,0,0,0,26.7,12.91,3.44697,9.46303
423,90,185,3.93243,35.1427,0,318,0,0.00000000,0.00000000,0,0,-255,0,-255,0,0,0,0,26.7,12.91,3.44697,9.46303
424,90,184,3.94235,35.1375,0,319,0,0.00000000,0.00000000,0,0,-255,0,-255,0,0,0,0,26.5,12.91,3.42115,9.48885
425,88,184,3.95225,35.138,0,318,0,0.00000000,0.00000000,0,0,-255,0,-255,0,0,0,0,26.5,12.91,3.42115,9.48885
426,88,184,3.96215,35.1333,0,319,0,0.00000000,0.00000000,0,0,-255,0,-255,0,0,0,0,26.4,12.91,3.40824,9.50176
427,88,185,3.97206,35.138,0,320,0,0.00000000,0.00000000,0,0,-255,0,-255,0,0,0,0,26.4,12.91,3.40824,9.50176
428,88,184,3.98,35.1403,0,320,0,0.00000000,0.00000000,0,0,-255,0,-255,0,0,0,0,26.6,12.91,3.43406,9.47594
429,88,184,3.98994,35.1559,0,323,0,0.00000000,0.00000000,0,0,-255,0,-255,0,0,0,0,26.6,12.91,3.43406,9.47594
430,90,184,3.99983,35.1585,0,312,0,0.00000000,0.00000000,0,0,-255,0,-255,0,0,0,0,26.6,12.91,3.43406,9.47594
431,87,184,4.00977,35.1226,0,316,0,0.00000000,0.00000000,0,0,-255,0,-255,0,0,0,0,26.7,12.91,3.44697,9.46303
432,87,184,4.01965,35.118,0,319,0,0.00000000,0.00000000,0,0,-255,0,-255,0,0,0,0,26.6,12.91,3.43406,9.47594
433,87,184,4.02955,35.1123,0,317,0,0.00000000,0.00000000,0,0,-255,0,-255,0,0,0,0,26.6,12.91,3.43406,9.47594
434,84,184,4.03949,35.1186,0,322,0,0.00000000,0.00000000,0,0,-255,0,-255,0,0,0,0,26.8,12.91,3.45988,9.45012
435,84,184,4.04937,35.1278,0,320,0,0.00000000,0.00000000,0,0,-255,0,-255,0,0,0,0,26.8,12.91,3.45988,9.45012
436,85,185,4.0593,35.1404,0,323,0,0.00000000,0.00000000,0,0,-255,0,-255,0,0,0,0,26.8,12.91,3.45988,9.45012
437,85,183,4.0692,35.1516,0,319,0,0.00000000,0.00000000,0,0,-255,0,-255,0,0,0,0,26,12.91,3.3566,9.5534
438,87,184,4.07911,35.1457,0,319,0,0.00000000,0.00000000,0,0,-255,0,-255,0,0,0,0,26,12.91,3.3566,9.5534
439,88,184,4.08907,35.1422,0,319,0,0.00000000,0.00000000,0,0,-255,0,-255,0,0,0,0,25.4,12.91,3.27914,9.63086
440,87,184,4.09894,35.1455,0,321,0,0.00000000,0.00000000,0,0,-255,0,-255,0,0,0,0,25.4,12.91,3.27914,9.63086
441,87,184,4.10689,35.147,0,317,0,0.00000000,0.00000000,0,0,-255,0,-255,0,0,0,0,24.9,12.9,3.2121,9.6879
442,87,184,4.11681,35.1378,0,320,0,0.00000000,0.00000000,0,0,-255,0,-255,0,0,0,0,24.9,12.9,3.2121,9.6879
443,88,184,4.12671,35.1442,0,320,0,0.00000000,0.00000000,0,0,-255,0,-255,0,0,0,0,24.6,12.9,3.1734,9.7266
444,88,184,4.13662,35.1422,0,319,0,0.00000000,0.00000000,0,0,-255,0,-255,0,0,0,0,24.6,12.9,3.1734,9.7266
445,87,184,4.14657,35.1401,0,319,0,0.00000000,0.00000000,0,0,-255,0,-255,0,0,0,0,24.6,12.9,3.1734,9.7266
446,87,184,4.15645,35.1382,0,319,0,0.00000000,0.00000000,0,0,-255,0,-255,0,0,0,0,24.6,12.91,3.17586,9.73414
447,87,185,4.16635,35.1445,0,321,0,0.00000000,0.00000000,0,0,-255,0,-255,0,0,0,0,24.6,12.91,3.17586,9.73414
448,87,185,4.17628,35.1496,0,320,0,0.00000000,0.00000000,0,0,-255,0,-255,0,0,0,0,24.5,12.9,3.1605,9.7395
449,88,185,4.1862,35.1489,0,321,0,0.00000000,0.00000000,0,0,-255,0,-255,0,0,0,0,24.5,12.9,3.1605,9.7395
450,88,185,4.19611,35.1535,0,320,0,0.00000000,0.00000000,0,0,-255,0,-255,0,0,0,0,24.5,12.9,3.1605,9.7395
451,88,185,4.20607,35.1547,0,324,0,0.00000000,0.00000000,0,0,-255,0,-255,0,0,0,0,24.4,12.9,3.1476,9.7524
452,88,185,4.21598,35.1803,0,329,0,0.00000000,0.00000000,0,0,-255,0,-255,0,0,0,0,24.3,12.91,3.13713,9.77287
453,89,185,4.2259,35.2205,0,332,0,0.00000000,0.00000000,0,0,-255,0,-255,0,0,0,0,24.3,12.91,3.13713,9.77287
454,89,185,4.23386,35.2633,0,333,0,0.00000000,0.00000000,0,0,-255,0,-255,0,0,0,0,24.4,12.91,3.15004,9.75996
455,91,185,4.24379,35.2942,0,327,0,0.00000000,0.00000000,0,0,-255,0,-255,0,0,0,0,24.4,12.91,3.15004,9.75996
456,91,185,4.25378,35.3196,0,331,0,0.00000000,0.00000000,0,0,-255,0,-255,0,0,0,0,24.1,12.9,3.1089,9.7911
457,90,185,4.26374,35.3466,0,330,0,0.00000000,0.00000000,0,0,-255,0,-255,0,0,0,0,24.1,12.9,3.1089,9.7911
458,91,185,4.2737,35.3718,0,330,0,0.00000000,0.00000000,0,0,-255,0,-255,0,0,0,0,24.4,12.89,3.14516,9.74484
459,91,185,4.28369,35.3819,0,328,0,0.00000000,0.00000000,0,0,-255,0,-255,0,0,0,0,24.4,12.89,3.14516,9.74484
460,91,186,4.29368,35.3998,0,330,0,0.00000000,0.00000000,0,0,-255,0,-255,0,0,0,0,24.8,12.9,3.1992,9.7008
461,90,186,4.30366,35.4085,0,330,0,0.00000000,0.00000000,0,0,-255,0,-255,0,0,0,0,24.8,12.9,3.1992,9.7008
462,89,186,4.31366,35.4255,0,329,0,0.00000000,0.00000000,0,0,-255,0,-255,0,0,0,0,24.8,12.9,3.1992,9.7008
463,89,186,4.32365,35.4329,0,327,0,0.00000000,0.00000000,0,0,-255,0,-255,0,0,0,0,25,12.89,3.2225,9.6675
464,89,186,4.33362,35.4469,0,333,0,0.00000000,0.00000000,0,0,-255,0,-255,0,0,0,0,24.9,12.89,3.20961,9.68039
465,89,186,4.34362,35.4696,0,331,0,0.00000000,0.00000000,0,0,-255,0,-255,0,0,0,0,24.9,12.89,3.20961,9.68039
466,91,186,4.35365,35.4846,0,333,0,0.00000000,0.00000000,0,0,-255,0,-255,0,0,0,0,25.2,12.9,3.2508,9.6492
467,91,186,4.36168,35.5008,0,331,0,0.00000000,0.00000000,0,0,-255,0,-255,0,0,0,0,25.2,12.9,3.2508,9.6492
468,93,186,4.37168,35.4962,0,327,0,0.00000000,0.00000000,0,0,-255,0,-255,0,0,0,0,25.3,12.91,3.26623,9.64377
469,92,186,4.38168,35.4972,0,330,0,0.00000000,0.00000000,0,0,-255,0,-255,0,0,0,0,25.3,12.91,3.26623,9.64377
470,91,187,4.39172,35.5059,0,331,0,0.00000000,0.00000000,0,0,-255,0,-255,0,0,0,0,25.3,12.91,3.26623,9.64377
471,92,187,4.40172,35.5025,0,327,0,0.00000000,0.00000000,0,0,-255,0,-255,0,0,0,0,25.2,12.91,3.25332,9.65668
472,89,187,4.41173,35.5077,0,331,0,0.00000000,0.00000000,0,0,-255,0,-255,0,0,0,0,25.1,12.92,3.24292,9.67708
473,90,187,4.42174,35.5168,0,330,0,0.00000000,0.00000000,0,0,-255,0,-255,0,0,0,0,25.1,12.92,3.24292,9.67708
474,91,187,4.43179,35.5198,0,331,0,0.00000000,0.00000000,0,0,-255,0,-255,0,0,0,0,25.3,12.93,3.27129,9.65871
475,90,187,4.44182,35.5226,0,327,0,0.00000000,0.00000000,0,0,-255,0,-255,0,0,0,0,25.3,12.93,3.27129,9.65871
476,89,187,4.45184,35.5145,0,330,0,0.00000000,0.00000000,0,0,-255,0,-255,0,0,0,0,25.2,12.93,3.25836,9.67164
477,88,187,4.46183,35.523,0,331,0,0.00000000,0.00000000,0,0,-255,0,-255,0,0,0,0,25.2,12.93,3.25836,9.67164
478,88,187,4.47186,35.5309,0,331,0,0.00000000,0.00000000,0,0,-255,0,-255,0,0,0,0,25.4,12.93,3.28422,9.64578
479,88,186,4.48189,35.538,0,331,0,0.00000000,0.00000000,0,0,-255,0,-255,0,0,0,0,25.4,12.93,3.28422,9.64578
480,88,186,4.48993,35.5386,0,329,0,0.00000000,0.00000000,0,0,-255,0,-255,0,0,0,0,25.2,12.93,3.25836,9.67164
481,88,186,4.49994,35.536,0,329,0,0.00000000,0.00000000,0,0,-255,0,-255,0,0,0,0,25.2,12.93,3.25836,9.67164
482,88,185,4.50996,35.5416,0,331,0,0.00000000,0.00000000,0,0,-255,0,-255,0,0,0,0,25.4,12.93,3.28422,9.64578
483,89,186,4.51999,35.5444,0,330,0,0.00000000,0.00000000,0,0,-255,0,-255,0,0,0,0,25.4,12.93,3.28422,9.64578
484,89,185,4.53004,35.5455,0,330,0,0.00000000,0.00000000,0,0,-255,0,-255,0,0,0,0,25,12.92,3.23,9.69
485,90,185,4.54005,35.5488,0,331,0,0.00000000,0.00000000,0,0,-255,0,-255,0,0,0,0,25,12.92,3.23,9.69
486,90,187,4.55008,35.5484,0,329,0,0.00000000,0.00000000,0,0,-255,0,-255,0,0,0,0,24.7,12.91,3.18877,9.72123
487,90,186,4.56012,35.5447,0,329,0,0.00000000,0.00000000,0,0,-255,0,-255,0,0,0,0,24.7,12.91,3.18877,9.72123
488,90,186,4.57012,35.5428,0,330,0,0.00000000,0.00000000,0,0,-255,0,-255,0,0,0,0,24.2,12.92,3.12664,9.79336
489,90,186,4.58015,35.5441,0,330,0,0.00000000,0.00000000,0,0,-255,0,-255,0,0,0,0,24.2,12.92,3.12664,9.79336
490,90,186,4.59017,35.5404,0,329,0,0.00000000,0.00000000,0,0,-255,0,-255,0,0,0,0,24.1,12.91,3.11131,9.79869
491,89,186,4.60022,35.5408,0,330,0,0.00000000,0.00000000,0,0,-255,0,-255,0,0,0,0,24.1,12.91,3.11131,9.79869
492,89,186,4.61025,35.5428,0,331,0,0.00000000,0.00000000,0,0,-255,0,-255,0,0,0,0,23.6,12.92,3.04912,9.87088
493,89,186,4.61824,35.5496,0,330,0,0.00000000,0.00000000,0,0,-255,0,-255,0,0,0,0,23.6,12.92,3.04912,9.87088
494,91,186,4.62829,35.5431,0,328,0,0.00000000,0.00000000,0,0,-255,0,-255,0,0,0,0,23.8,12.92,3.07496,9.84504
495,91,186,4.63833,35.5365,0,328,0,0.00000000,0.00000000,0,0,-255,0,-255,0,0,0,0,23.8,12.92,3.07496,9.84504
496,91,186,4.64836,35.5337,0,329,0,0.00000000,0.00000000,0,0,-255,0,-255,0,0,0,0,24,12.93,3.1032,9.8268
497,91,187,4.65837,35.5357,0,330,0,0.00000000,0.00000000,0,0,-255,0,-255,0,0,0,0,24,12.93,3.1032,9.8268
498,89,187,4.66841,35.5364,0,329,0,0.00000000,0.00000000,0,0,-255,0,-255,0,0,0,0,24,12.93,3.1032,9.8268
499,91,187,4.6784,35.5354,0,328,0,0.00000000,0.00000000,0,0,-255,0,-255,0,0,0,0,24.2,12.93,3.12906,9.80094
500,91,187,4.68845,35.5288,0,328,0,0.00000000,0.00000000,0,0,-255,0,-255,0,0,0,0,24.4,12.93,3.15492,9.77508
501,90,187,4.69846,35.5317,0,328,0,0.00000000,0.00000000,0,0,-255,0,-255,0,0,0,0,24.4,12.93,3.15492,9.77508
502,88,187,4.70849,35.5232,0,327,0,0.00000000,0.00000000,0,0,-255,0,-255,0,0,0,0,24.4,12.93,3.15492,9.77508
503,87,187,4.71851,35.5119,0,327,0,0.00000000,0.00000000,0,0,-255,0,-255,0,0,0,0,24.7,12.92,3.19124,9.72876
504,87,187,4.72855,35.5155,0,330,0,0.00000000,0.00000000,0,0,-255,0,-255,0,0,0,0,24.7,12.92,3.19124,9.72876
505,89,187,4.73854,35.5255,0,331,0,0.00000000,0.00000000,0,0,-255,0,-255,0,0,0,0,25,12.92,3.23,9.69
506,89,187,4.74655,35.5282,0,331,0,0.00000000,0.00000000,0,0,-255,0,-255,0,0,0,0,25.2,12.92,3.25584,9.66416
507,90,187,4.75661,35.5311,0,329,0,0.00000000,0.00000000,0,0,-255,0,-255,0,0,0,0,25.2,12.92,3.25584,9.66416
508,89,187,4.76661,35.5294,0,329,0,0.00000000,0.00000000,0,0,-255,0,-255,0,0,0,0,25.3,12.91,3.26623,9.64377
509,90,187,4.77666,35.5299,0,328,0,0.00000000,0.00000000,0,0,-255,0,-255,0,0,0,0,25.3,12.91,3.26623,9.64377
510,90,187,4.78668,35.5213,0,328,0,0.00000000,0.00000000,0,0,-255,0,-255,0,0,0,0,25.7,12.91,3.31787,9.59213
511,89,187,4.79667,35.5221,0,331,0,0.00000000,0.00000000,0,0,-255,0,-255,0,0,0,0,25.7,12.91,3.31787,9.59213
512,88,187,4.8067,35.5293,0,331,0,0.00000000,0.00000000,0,0,-255,0,-255,0,0,0,0,25.5,12.91,3.29205,9.61795
513,89,187,4.81674,35.528,0,326,0,0.00000000,0.00000000,0,0,-255,0,-255,0,0,0,0,25.5,12.91,3.29205,9.61795
514,87,187,4.82673,35.513,0,327,0,0.00000000,0.00000000,0,0,-255,0,-255,0,0,0,0,25.3,12.91,3.26623,9.64377
515,85,187,4.83675,35.5124,0,329,0,0.00000000,0.00000000,0,0,-255,0,-255,0,0,0,0,25.3,12.91,3.26623,9.64377
516,85,187,4.84677,35.5173,0,331,0,0.00000000,0.00000000,0,0,-255,0,-255,0,0,0,0,24.9,12.92,3.21708,9.70292
517,85,187,4.8568,35.533,0,335,0,0.00000000,0.00000000,0,0,-255,0,-255,0,0,0,0,24.9,12.92,3.21708,9.70292
518,85,187,4.86683,35.5584,0,337,0,0.00000000,0.00000000,0,0,-255,0,-255,0,0,0,0,24.5,12.92,3.1654,9.7546
519,87,187,4.87487,35.5716,0,332,0,0.00000000,0.00000000,0,0,-255,0,-255,0,0,0,0,24.5,12.92,3.1654,9.7546
520,90,187,4.88491,35.5651,0,328,0,0.00000000,0.00000000,0,0,-255,0,-255,0,0,0,0,23.7,12.92,3.06204,9.85796
521,90,187,4.89494,35.5574,0,329,0,0.00000000,0.00000000,0,0,-255,0,-255,0,0,0,0,23.7,12.92,3.06204,9.85796
522,89,187,4.90498,35.5509,0,329,0,0.00000000,0.00000000,0,0,-255,0,-255,0,0,0,0,23.6,12.92,3.04912,9.87088
523,89,187,4.915,35.5515,0,331,0,0.00000000,0.00000000,0,0,-255,0,-255,0,0,0,0,23.6,12.92,3.04912,9.87088
524,90,187,4.92503,35.5539,0,328,0,0.00000000,0.00000000,0,0,-255,0,-255,0,0,0,0,23.9,12.93,3.09027,9.83973
525,89,187,4.93505,35.5492,0,327,0,0.00000000,0.00000000,0,0,-255,0,-255,0,0,0,0,23.9,12.93,3.09027,9.83973
526,89,187,4.94507,35.5314,0,327,0,0.00000000,0.00000000,0,0,-255,0,-255,0,0,0,0,24.4,12.92,3.15248,9.76752
527,87,187,4.9551,35.5271,0,329,0,0.00000000,0.00000000,0,0,-255,0,-255,0,0,0,0,24.4,12.92,3.15248,9.76752
528,86,187,4.96512,35.5319,0,329,0,0.00000000,0.00000000,0,0,-255,0,-255,0,0,0,0,24.6,12.93,3.18078,9.74922
529,86,187,4.97514,35.5274,0,327,0,0.00000000,0.00000000,0,0,-255,0,-255,0,0,0,0,24.6,12.93,3.18078,9.74922
530,85,187,4.9852,35.5269,0,327,0,0.00000000,0.00000000,0,0,-255,0,-255,0,0,0,0,24.9,12.93,3.21957,9.71043
531,84,187,4.99521,35.5223,0,329,0,0.00000000,0.00000000,0,0,-255,0,-255,0,0,0,0,24.9,12.93,3.21957,9.71043
532,84,187,5.00319,35.5266,0,330,0,0.00000000,0.00000000,0,0,-255,0,-255,0,0,0,0,24.8,12.93,3.20664,9.72336
533,84,187,5.01324,35.5262,0,330,0,0.00000000,0.00000000,0,0,-255,0,-255,0,0,0,0,24.8,12.93,3.20664,9.72336
534,84,187,5.02325,35.5276,0,328,0,0.00000000,0.00000000,0,0,-255,0,-255,0,0,0,0,24.8,12.93,3.20664,9.72336
535,83,187,5.03327,35.5232,0,329,0,0.00000000,0.00000000,0,0,-255,0,-255,0,0,0,0,24.5,12.92,3.1654,9.7546
536,83,187,5.04329,35.5246,0,328,0,0.00000000,0.00000000,0,0,-255,0,-255,0,0,0,0,24.5,12.92,3.1654,9.7546
537,83,187,5.05332,35.5197,0,329,0,0.00000000,0.00000000,0,0,-255,0,-255,0,0,0,0,24,12.91,3.0984,9.8116
538,83,187,5.06333,35.5219,0,331,0,0.00000000,0.00000000,0,0,-255,0,-255,0,0,0,0,23.9,12.91,3.08549,9.82451
539,83,187,5.07336,35.5286,0,330,0,0.00000000,0.00000000,0,0,-255,0,-255,0,0,0,0,23.9,12.91,3.08549,9.82451
540,83,187,5.08337,35.5288,0,328,0,0.00000000,0.00000000,0,0,-255,0,-255,0,0,0,0,23.5,12.9,3.0315,9.8685
541,82,187,5.0934,35.5278,0,329,0,0.00000000,0.00000000,0,0,-255,0,-255,0,0,0,0,23.5,12.9,3.0315,9.8685
542,82,187,5.10342,35.5372,0,335,0,0.00000000,0.00000000,0,0,-255,0,-255,0,0,0,0,23.5,12.9,3.0315,9.8685
543,82,187,5.11345,35.5987,0,344,0,0.00000000,0.00000000,0,0,-255,0,-255,0,0,0,0,23.2,12.91,2.99512,9.91488
544,83,188,5.12355,35.6414,0,337,0,0.00000000,0.00000000,0,0,-255,0,-255,0,0,0,0,22.7,12.91,2.93057,9.97943
545,83,188,5.13156,35.6458,0,333,0,0.00000000,0.00000000,0,0,-255,0,-255,0,0,0,0,22.7,12.91,2.93057,9.97943
546,82,188,5.14161,35.6726,0,343,0,0.00000000,0.00000000,0,0,-255,0,-255,0,0,0,0,22.7,12.91,2.93057,9.97943
547,82,187,5.15168,35.7045,0,339,0,0.00000000,0.00000000,0,0,-255,0,-255,0,0,0,0,22.5,12.92,2.907,10.013
548,84,188,5.16176,35.7228,0,338,0,0.00000000,0.00000000,0,0,-255,0,-255,0,0,0,0,22.5,12.92,2.907,10.013
549,84,188,5.17183,35.7392,0,339,0,0.00000000,0.00000000,0,0,-255,0,-255,0,0,0,0,21.8,12.92,2.81656,10.1034
550,83,188,5.18193,35.7723,0,342,0,0.00000000,0.00000000,0,0,-255,0,-255,0,0,0,0,21.8,12.92,2.81656,10.1034
551,83,188,5.19201,35.796,0,341,0,0.00000000,0.00000000,0,0,-255,0,-255,0,0,0,0,22,12.91,2.8402,10.0698
552,87,188,5.20211,35.8101,0,340,0,0.00000000,0.00000000,0,0,-255,0,-255,0,0,0,0,22,12.91,2.8402,10.0698
553,87,188,5.21222,35.8248,0,340,0,0.00000000,0.00000000,0,0,-255,0,-255,0,0,0,0,22,12.91,2.8402,10.0698
554,87,188,5.22233,35.8352,0,340,0,0.00000000,0.00000000,0,0,-255,0,-255,0,0,0,0,22,12.91,2.8402,10.0698
555,85,188,5.23244,35.8408,0,338,0,0.00000000,0.00000000,0,0,-255,0,-255,0,0,0,0,22,12.9,2.838,10.062
556,86,188,5.24257,35.8455,0,341,0,0.00000000,0.00000000,0,0,-255,0,-255,0,0,0,0,22,12.9,2.838,10.062
557,86,188,5.25267,35.8577,0,339,0,0.00000000,0.00000000,0,0,-255,0,-255,0,0,0,0,22.1,12.91,2.85311,10.0569
558,86,188,5.2608,35.8608,0,339,0,0.00000000,0.00000000,0,0,-255,0,-255,0,0,0,0,22.4,12.91,2.89184,10.0182
559,86,189,5.27091,35.8653,0,339,0,0.00000000,0.00000000,0,0,-255,0,-255,0,0,0,0,22.4,12.91,2.89184,10.0182
560,84,189,5.281,35.8701,0,339,0,0.00000000,0.00000000,0,0,-255,0,-255,0,0,0,0,22.3,12.91,2.87893,10.0311
561,85,189,5.29112,35.8696,0,338,0,0.00000000,0.00000000,0,0,-255,0,-255,0,0,0,0,22.3,12.91,2.87893,10.0311
562,84,189,5.30126,35.8741,0,340,0,0.00000000,0.00000000,0,0,-255,0,-255,0,0,0,0,22.2,12.91,2.86602,10.044
563,84,189,5.31136,35.8814,0,340,0,0.00000000,0.00000000,0,0,-255,0,-255,0,0,0,0,22.2,12.91,2.86602,10.044
564,84,189,5.3215,35.8883,0,339,0,0.00000000,0.00000000,0,0,-255,0,-255,0,0,0,0,22.1,12.92,2.85532,10.0647
565,83,188,5.33162,35.891,0,340,0,0.00000000,0.00000000,0,0,-255,0,-255,0,0,0,0,22.1,12.92,2.85532,10.0647
566,85,188,5.34175,35.8959,0,339,0,0.00000000,0.00000000,0,0,-255,0,-255,0,0,0,0,21.3,12.92,2.75196,10.168
567,84,188,5.35185,35.8882,0,338,0,0.00000000,0.00000000,0,0,-255,0,-255,0,0,0,0,21.3,12.92,2.75196,10.168
568,83,188,5.36202,35.8931,0,340,0,0.00000000,0.00000000,0,0,-255,0,-255,0,0,0,0,21,12.92,2.7132,10.2068
569,83,188,5.37212,35.8851,0,336,0,0.00000000,0.00000000,0,0,-255,0,-255,0,0,0,0,21,12.92,2.7132,10.2068
570,81,188,5.38223,35.8914,0,342,0,0.00000000,0.00000000,0,0,-255,0,-255,0,0,0,0,21,12.92,2.7132,10.2068
571,82,188,5.39035,35.9042,0,343,0,0.00000000,0.00000000,0,0,-255,0,-255,0,0,0,0,20.5,12.92,2.6486,10.2714
572,83,188,5.40046,35.9144,0,342,0,0.00000000,0.00000000,0,0,-255,0,-255,0,0,0,0,20.2,12.92,2.60984,10.3102
573,85,188,5.4106,35.9271,0,341,0,0.00000000,0.00000000,0,0,-255,0,-255,0,0,0,0,20.2,12.92,2.60984,10.3102
574,87,188,5.42074,35.9327,0,341,0,0.00000000,0.00000000,0,0,-255,0,-255,0,0,0,0,20.2,12.92,2.60984,10.3102
575,86,188,5.43087,35.9307,0,339,0,0.00000000,0.00000000,0,0,-255,0,-255,0,0,0,0,20.2,12.92,2.60984,10.3102
576,87,188,5.44101,35.9258,0,338,0,0.00000000,0.00000000,0,0,-255,0,-255,0,0,0,0,20.8,12.91,2.68528,10.2247
577,87,189,5.45115,35.9185,0,338,0,0.00000000,0.00000000,0,0,-255,0,-255,0,0,0,0,20.8,12.91,2.68528,10.2247
578,85,189,5.46127,35.9144,0,339,0,0.00000000,0.00000000,0,0,-255,0,-255,0,0,0,0,21.1,12.91,2.72401,10.186
579,84,189,5.47143,35.9105,0,338,0,0.00000000,0.00000000,0,0,-255,0,-255,0,0,0,0,21.1,12.91,2.72401,10.186
580,83,189,5.48157,35.9165,0,342,0,0.00000000,0.00000000,0,0,-255,0,-255,0,0,0,0,21.4,12.91,2.76274,10.1473
581,85,189,5.49167,35.9215,0,340,0,0.00000000,0.00000000,0,0,-255,0,-255,0,0,0,0,21.4,12.91,2.76274,10.1473
582,85,189,5.50181,35.9274,0,341,0,0.00000000,0.00000000,0,0,-255,0,-255,0,0,0,0,21.3,12.92,2.75196,10.168
583,86,190,5.51196,35.9251,0,339,0,0.00000000,0.00000000,0,0,-255,0,-255,0,0,0,0,21.3,12.92,2.75196,10.168
584,86,190,5.52005,35.929,0,341,0,0.00000000,0.00000000,0,0,-255,0,-255,0,0,0,0,21.1,12.92,2.72612,10.1939
585,85,190,5.5302,35.9281,0,337,0,0.00000000,0.00000000,0,0,-255,0,-255,0,0,0,0,21.1,12.92,2.72612,10.1939
586,85,190,5.54034,35.9096,0,334,0,0.00000000,0.00000000,0,0,-255,0,-255,0,0,0,0,21.1,12.92,2.72612,10.1939
587,83,190,5.55045,35.9058,0,341,0,0.00000000,0.00000000,0,0,-255,0,-255,0,0,0,0,20.8,12.93,2.68944,10.2406
588,83,190,5.56062,35.9112,0,339,0,0.00000000,0.00000000,0,0,-255,0,-255,0,0,0,0,20.3,12.93,2.62479,10.3052
589,83,190,5.57074,35.9099,0,339,0,0.00000000,0.00000000,0,0,-255,0,-255,0,0,0,0,20.3,12.93,2.62479,10.3052
590,81,190,5.58084,35.9049,0,338,0,0.00000000,0.00000000,0,0,-255,0,-255,0,0,0,0,20.3,12.93,2.62479,10.3052
591,81,190,5.59098,35.9115,0,342,0,0.00000000,0.00000000,0,0,-255,0,-255,0,0,0,0,20.3,12.94,2.62682,10.3132
592,83,190,5.60113,35.9175,0,341,0,0.00000000,0.00000000,0,0,-255,0,-255,0,0,0,0,20.3,12.94,2.62682,10.3132
593,83,189,5.61125,35.9224,0,341,0,0.00000000,0.00000000,0,0,-255,0,-255,0,0,0,0,20.3,12.94,2.62682,10.3132
594,84,190,5.62139,35.9242,0,339,0,0.00000000,0.00000000,0,0,-255,0,-255,0,0,0,0,20.6,12.93,2.66358,10.2664
595,84,190,5.63154,35.9237,0,340,0,0.00000000,0.00000000,0,0,-255,0,-255,0,0,0,0,20.6,12.93,2.66358,10.2664
596,84,189,5.64167,35.9267,0,341,0,0.00000000,0.00000000,0,0,-255,0,-255,0,0,0,0,20.6,12.93,2.66358,10.2664
597,84,189,5.64976,35.9299,0,340,0,0.00000000,0.00000000,0,0,-255,0,-255,0,0,0,0,20.7,12.93,2.67651,10.2535
598,85,189,5.6599,35.9282,0,338,0,0.00000000,0.00000000,0,0,-255,0,-255,0,0,0,0,20.9,12.93,2.70237,10.2276
599,84,189,5.67006,35.9255,0,341,0,0.00000000,0.00000000,0,0,-255,0,-255,0,0,0,0,20.9,12.93,2.70237,10.2276
600,84,189,5.68018,35.9304,0,341,0,0.00000000,0.00000000,0,0,-255,0,-255,0,0,0,0,20.6,12.93,2.66358,10.2664
601,84,190,5.69033,35.9268,0,337,0,0.00000000,0.00000000,0,0,-255,0,-255,0,0,0,0,20.6,12.93,2.66358,10.2664
602,84,190,5.70045,35.927,0,340,0,0.00000000,0.00000000,0,0,-255,0,-255,0,0,0,0,20.5,12.93,2.65065,10.2793
603,84,190,5.71057,35.9296,0,341,0,0.00000000,0.00000000,0,0,-255,0,-255,0,0,0,0,20.5,12.93,2.65065,10.2793
604,85,190,5.72071,35.934,0,341,0,0.00000000,0.00000000,0,0,-255,0,-255,0,0,0,0,19.9,12.94,2.57506,10.3649
605,84,190,5.73086,35.934,0,340,0,0.00000000,0.00000000,0,0,-255,0,-255,0,0,0,0,19.9,12.94,2.57506,10.3649
606,84,190,5.741,35.9345,0,340,0,0.00000000,0.00000000,0,0,-255,0,-255,0,0,0,0,19.4,12.95,2.5123,10.4377
607,85,190,5.75111,35.9265,0,337,0,0.00000000,0.00000000,0,0,-255,0,-255,0,0,0,0,19.4,12.95,2.5123,10.4377
608,84,190,5.76128,35.9228,0,341,0,0.00000000,0.00000000,0,0,-255,0,-255,0,0,0,0,19.6,12.95,2.5382,10.4118
609,84,190,5.7714,35.9232,0,340,0,0.00000000,0.00000000,0,0,-255,0,-255,0,0,0,0,19.6,12.95,2.5382,10.4118
610,83,190,5.77951,35.9264,0,340,0,0.00000000,0.00000000,0,0,-255,0,-255,0,0,0,0,19.5,12.95,2.52525,10.4247
611,84,190,5.78964,35.9264,0,339,0,0.00000000,0.00000000,0,0,-255,0,-255,0,0,0,0,19.5,12.95,2.52525,10.4247
612,84,190,5.7998,35.9243,0,341,0,0.00000000,0.00000000,0,0,-255,0,-255,0,0,0,0,19.4,12.95,2.5123,10.4377
613,85,190,5.80991,35.9285,0,341,0,0.00000000,0.00000000,0,0,-255,0,-255,0,0,0,0,19.4,12.95,2.5123,10.4377
614,86,190,5.82005,35.9341,0,343,0,0.00000000,0.00000000,0,0,-255,0,-255,0,0,0,0,19.4,12.95,2.5123,10.4377
615,87,190,5.8302,35.9489,0,342,0,0.00000000,0.00000000,0,0,-255,0,-255,0,0,0,0,19.8,12.94,2.56212,10.3779
616,89,190,5.84036,35.9479,0,339,0,0.00000000,0.00000000,0,0,-255,0,-255,0,0,0,0,20,12.93,2.586,10.344
617,88,190,5.85048,35.9407,0,337,0,0.00000000,0.00000000,0,0,-255,0,-255,0,0,0,0,20,12.93,2.586,10.344
618,87,190,5.86061,35.9319,0,339,0,0.00000000,0.00000000,0,0,-255,0,-255,0,0,0,0,20,12.93,2.586,10.344
619,87,190,5.87074,35.9313,0,340,0,0.00000000,0.00000000,0,0,-255,0,-255,0,0,0,0,20,12.93,2.586,10.344
620,87,190,5.88088,35.9277,0,338,0,0.00000000,0.00000000,0,0,-255,0,-255,0,0,0,0,20.5,12.93,2.65065,10.2793
621,86,190,5.891,35.9325,0,342,0,0.00000000,0.00000000,0,0,-255,0,-255,0,0,0,0,20.5,12.93,2.65065,10.2793
622,88,190,5.90115,35.9387,0,339,0,0.00000000,0.00000000,0,0,-255,0,-255,0,0,0,0,20.5,12.93,2.65065,10.2793
623,88,190,5.90929,35.9356,0,340,0,0.00000000,0.00000000,0,0,-255,0,-255,0,0,0,0,21.2,12.93,2.74116,10.1888
624,88,190,5.91942,35.9297,0,338,0,0.00000000,0.00000000,0,0,-255,0,-255,0,0,0,0,21.3,12.93,2.75409,10.1759
625,87,190,5.92955,35.9215,0,337,0,0.00000000,0.00000000,0,0,-255,0,-255,0,0,0,0,21.3,12.93,2.75409,10.1759
626,85,190,5.93966,35.9144,0,338,0,0.00000000,0.00000000,0,0,-255,0,-255,0,0,0,0,21.6,12.92,2.79072,10.1293
627,86,190,5.94981,35.919,0,342,0,0.00000000,0.00000000,0,0,-255,0,-255,0,0,0,0,21.6,12.92,2.79072,10.1293
628,86,190,5.95995,35.9268,0,341,0,0.00000000,0.00000000,0,0,-255,0,-255,0,0,0,0,21.6,12.92,2.79072,10.1293
629,88,189,5.97007,35.9227,0,337,0,0.00000000,0.00000000,0,0,-255,0,-255,0,0,0,0,21.6,12.92,2.79072,10.1293
630,88,189,5.9802,35.9069,0,335,0,0.00000000,0.00000000,0,0,-255,0,-255,0,0,0,0,21.6,12.92,2.79072,10.1293
631,88,190,5.99033,35.7613,0,283,0,0.00000000,0.00000000,0,0,-255,0,-255,0,0,0,0,21.5,12.92,2.7778,10.1422
632,88,189,6.00031,35.0378,0,160,0,0.00000000,0.00000000,0,0,-255,0,-255,0,0,0,0,21.8,12.92,2.81656,10.1034
633,88,189,6.01009,33.9443,0,0,0,0.00000000,0.00000000,0,0,-255,0,-255,0,0,0,0,21.8,12.92,2.81656,10.1034
634,0,189,6.01944,32.5742,0,0,0,0.00000000,0.00000000,0,0,-255,0,-255,0,0,0,0,23.3,12.92,3.01036,9.90964
635,0,189,6.02847,31.2927,0,0,0,0.00000000,0.00000000,0,0,-255,0,-255,0,0,0,0,23.3,12.92,3.01036,9.90964
636,0,189,6.03543,30.3317,0,0,0,0.00000000,0.00000000,0,0,-255,0,-255,0,0,0,0,23.3,12.92,3.01036,9.90964
637,0,188,6.0438,29.2061,0,0,0,0.00000000,0.00000000,0,0,-255,0,-255,0,0,0,0,25.4,12.92,3.28168,9.63832
638,0,187,6.05191,28.1432,0,0,0,0.00000000,0.00000000,0,0,-255,0,-255,0,0,0,0,28.5,12.92,3.6822,9.2378
639,0,187,6.05969,27.1511,0,0,0,0.00000000,0.00000000,0,0,-255,0,-255,0,0,0,0,28.5,12.92,3.6822,9.2378
640,0,186,6.06721,26.2151,0,0,0,0.00000000,0.00000000,0,0,-255,0,-255,0,0,0,0,32.9,12.93,4.25397,8.67603
641,0,186,6.07449,25.3299,0,0,0,0.00000000,0.00000000,0,0,-255,0,-255,0,0,0,0,32.9,12.93,4.25397,8.67603
642,0,183,6.08154,24.4911,0,0,0,0.00000000,0.00000000,0,0,-255,0,-255,0,0,0,0,38.6,12.93,4.99098,7.93902
643,0,181,6.08834,23.6989,0,0,0,0.00000000,0.00000000,0,0,-255,0,-255,0,0,0,0,38.6,12.93,4.99098,7.93902
644,0,180,6.0949,22.9498,0,0,0,0.00000000,0.00000000,0,0,-255,0,-255,0,0,0,0,45,12.95,5.8275,7.1225
645,0,177,6.10126,22.2295,0,0,0,0.00000000,0.00000000,0,0,-255,0,-255,0,0,0,0,45,12.95,5.8275,7.1225
